id,question,generated_response,retrieved_chunk_keys,gold_relevance_score,gold_utilization_score,gold_completeness_score,gold_adherence_score,pred_relevance_score,pred_utilization_score,pred_completeness_score,pred_adherence_score,judge_raw_output,error
SEASPINEHOLDINGSCORP_10_10_2018-EX-10.1-SUPPLY AGREEMENT__Agreement Date,The date of the contract,"The date of the contract is not explicitly stated in the provided excerpts. However, it is mentioned that the Agreement was executed effective as of , 2013, but the exact date is omitted.","[['0lc', '0ld', '0le', '0lf', '0lg', '0lh', '0li', '0lj'], ['0kp', '0kq', '0kr', '0ks', '0kt', '0ku', '0kv', '0kw', '0kx', '0ky', '0kz', '0la', '0lb', '0lc'], ['0jw', '0jx', '0jy', '0jz', '0ka', '0kb'], ['0dj'], ['0dg', '0dh', '0di', '0dj']]",0.003105590062111801,0.003105590062111801,1.0,True,0.037267080745341616,0.024844720496894408,0.6666666666666666,1,"{""all_relevant_sentence_keys"": [""0kt"", ""0ku"", ""0di"", ""0kp"", ""0b"", ""0kr"", ""0gc"", ""0ko"", ""0kv"", ""0ks"", ""0kq"", ""0cv""], ""all_utilized_sentence_keys"": [""0di"", ""0kp"", ""0b"", ""0kr"", ""0gc"", ""0ko"", ""0kq"", ""0cv""], ""sentence_support_information"": [{""response_sentence_key"": ""a"", ""explanation"": ""The sentence is supported because it is a correct statement about the information provided in the documents."", ""supporting_sentence_keys"": [""0di"", ""0cv"", ""0b"", ""0kr"", ""0gc""], ""fully_supported"": true}, {""response_sentence_key"": ""b"", ""explanation"": ""The sentence is supported because it accurately reflects the information provided in the documents."", ""supporting_sentence_keys"": [""0kp"", ""0di"", ""0kq"", ""0cv"", ""0b"", ""0gc"", ""0ko""], ""fully_supported"": true}], ""overall_supported"": true, ""relevance_explanation"": ""Document 0 contains useful information for answering the question. | The documents contain useful information for answering the question because they provide definitions and context for the contract, including the date of execution. | Document 0 contains useful information for answering the question. | Document 0 contains useful information for answering the question, specifically the sentence '0gc. PcoMed currently holds valid and effective assignments of all inventors' rights to all the inventions covered by the PcoMed Surface Modification Technology.' This sentence implies that the contract was executed at some point in time, which is relevant to the question. | The documents contain useful information for answering the question because they provide details about the contract, including the date of execution. Specifically, Attachment A and Attachment B are relevant because they contain information about the contract's terms and conditions, including the date of execution."", ""overall_supported_explanation"": ""The response as a whole is supported by the documents. The first sentence in the response is supported because it is a correct statement about the information provided in the documents. The second sentence is also supported because it accurately reflects the information provided in the documents. | The response as a whole is supported by the documents because it correctly states that the date of the contract is not explicitly stated in the provided excerpts, and that the Agreement was executed effective as of 2013, but the exact date is omitted. However, the response could be more accurate by stating that the exact date of execution is not provided in the documents. | The response as a whole is supported by the documents. The first sentence is supported because it is a correct statement about the information provided in the documents. The second sentence is supported because it is a correct statement about the information provided in the documents. | The response as a whole is partially supported by the documents. The first sentence is supported by the fact that the documents do not explicitly state the date of the contract, but do mention that the Agreement was executed effective as of 2013. The second sentence is supported by the fact that the exact date is omitted. | The response is partially supported by the documents. The first sentence is supported because it correctly states that the date of the contract is not explicitly stated in the provided excerpts. The second sentence is supported because it correctly states that the Agreement was executed effective as of , 2013, but the exact date is omitted. However, the response as a whole is not fully supported because it does not provide any additional information about the date of the contract beyond what is stated in the documents.""}",
PREMIERBIOMEDICALINC_05_14_2020-EX-10.2-INTELLECTUAL PROPERTY AGREEMENT__Renewal Term,What is the renewal term after the initial term expires? This includes automatic extensions and unilateral extensions with prior notice.,The context does not contain information about the renewal term after the initial term expires.,"[['0e', '0f', '0g', '0h', '0i', '0j'], ['0n', '0o'], ['0by', '0bz', '0ca', '0cb', '0cc', '0cd'], ['0o'], ['0ai', '0aj', '0ak', '0al', '0am', '0an', '0ao', '0ap', '0aq']]",0.0,0.0,1.0,True,0.8899082568807339,0.0,0.0,0,"{""all_relevant_sentence_keys"": [""0az"", ""0z"", ""0ci"", ""0cr"", ""0cu"", ""0bw"", ""0ai"", ""0aa"", ""0aq"", ""0m"", ""0cc"", ""0bg"", ""0v"", ""0bf"", ""0bs"", ""0bb"", ""0an"", ""0ch"", ""0bt"", ""0aj"", ""0bd"", ""0ag"", ""0co"", ""0ae"", ""0ct"", ""0w"", ""0r"", ""0bo"", ""0x"", ""0bp"", ""0cy"", ""0ab"", ""0cw"", ""0ah"", ""0p"", ""0ck"", ""0ax"", ""0cv"", ""0am"", ""0bv"", ""0bl"", ""0be"", ""0bj"", ""0t"", ""0a"", ""0db"", ""0cb"", ""0aw"", ""0ce"", ""0cm"", ""0ap"", ""0dd"", ""0bm"", ""0cs"", ""0cz"", ""0by"", ""0al"", ""0o"", ""0bk"", ""0bi"", ""0bn"", ""0ac"", ""0n"", ""0at"", ""0dc"", ""0ar"", ""0au"", ""0bh"", ""0cp"", ""0q"", ""0ao"", ""0u"", ""0av"", ""0bu"", ""0cd"", ""0cj"", ""0cx"", ""0ad"", ""0ba"", ""0cg"", ""0as"", ""0y"", ""0l"", ""0bq"", ""0ca"", ""0cn"", ""0bc"", ""0cq"", ""0cf"", ""0da"", ""0ay"", ""0af"", ""0s"", ""0ak"", ""0bx"", ""0br"", ""0cl""], ""all_utilized_sentence_keys"": [], ""sentence_support_information"": [{""response_sentence_key"": ""a"", ""explanation"": ""The sentence is not supported by the documents because it claims that the context does not contain information about the renewal term after the initial term expires, but the documents contain a section about the renewal term."", ""supporting_sentence_keys"": [""0db"", ""0ci"", ""0cj"", ""0cb"", ""0cx"", ""0cr"", ""0cu"", ""0bw"", ""0ce"", ""0cm"", ""0cy"", ""0dd"", ""0cs"", ""0cz"", ""0cw"", ""0ct"", ""0cg"", ""0cc"", ""0by"", ""0ck"", ""0ca"", ""0cn"", ""0dc"", ""0cq"", ""0cv"", ""0cp"", ""0bv"", ""0ch"", ""0cf"", ""0da"", ""0bt"", ""0co"", ""0bx"", ""0bu"", ""0cl"", ""0cd""], ""fully_supported"": false}], ""overall_supported"": false, ""relevance_explanation"": ""Document 0 contains useful information for answering the question. | Document 0 contains useful information for answering the question, specifically sections related to the agreement terms and conditions."", ""overall_supported_explanation"": ""The response is not supported by the documents because it claims that the context does not contain information about the renewal term after the initial term expires, but the documents contain a section about the renewal term. | The response as a whole is not supported by the documents because it claims that the context does not contain information about the renewal term after the initial term expires, which is not explicitly stated in the documents. However, the documents do contain information about the agreement terms and conditions, which could be used to infer the renewal term.""}",
EcoScienceSolutionsInc_20180406_8-K_EX-10.1_11135398_EX-10.1_Sponsorship Agreement__Uncapped Liability,Is a party’s liability uncapped upon the breach of its obligation in the contract? This also includes uncap liability for a particular type of breach such as IP infringement or breach of confidentiality obligation.,"The contract does not explicitly state that a party's liability is uncapped upon the breach of its obligation. However, it does mention that Kaya Fest shall not be liable to any Sponsor for losses arising out of, or the inability to perform its obligations under the terms of this sponsorship proposal due to acts of God, which include, that are not limited to, fire, flood, tornados, hurricanes, severe increments weather, strikes, medical failure, or any other acts beyond the control of Kaya Fest. This suggests that Kaya Fest may have some limitations on its liability.

Additionally, the contract does not explicitly state that liability is uncapped for a particular type of breach such as IP infringement or breach of confidentiality obligation. However, the indemnification clause does require the Sponsor to indemnify and hold harmless Fruit of Life Productions LLC from any and all claims, losses, damages, judgments, settlements, costs and expenses (including reasonable attorney's fees and expenses), and liabilities of every kind incurred as a result of certain acts or omissions by the Sponsor. This suggests that the Sponsor may have unlimited liability for certain types of breaches.

However, the contract does not explicitly state that liability is uncapped for a particular type of breach such as IP infringement or breach of confidentiality obligation.","[['0n', '0o', '0p', '0q', '0r', '0s', '0t'], ['0t', '0u', '0v', '0w', '0x', '0y', '0z', '0aa', '0ab', '0ac', '0ad', '0ae'], ['0j', '0k', '0l', '0m', '0n'], ['0ae', '0af', '0ag', '0ah', '0ai', '0aj', '0ak', '0al', '0am'], ['0d', '0e', '0f', '0g', '0h', '0i', '0j']]",0.08333333333333333,0.08333333333333333,1.0,True,0.1875,0.1875,1.0,0,"{""all_relevant_sentence_keys"": [""0w"", ""0t"", ""0v"", ""0x"", ""0b"", ""0s"", ""0u"", ""0y"", ""0l""], ""all_utilized_sentence_keys"": [""0w"", ""0t"", ""0v"", ""0x"", ""0b"", ""0s"", ""0u"", ""0y"", ""0l""], ""sentence_support_information"": [{""response_sentence_key"": ""a"", ""explanation"": ""The sentence is supported by the contract's terms and conditions, which do not explicitly state that liability is uncapped."", ""supporting_sentence_keys"": [""0b""], ""fully_supported"": true}, {""response_sentence_key"": ""b"", ""explanation"": ""The sentence is supported by the contract's terms and conditions, which do not explicitly state that liability is uncapped."", ""supporting_sentence_keys"": [""0s""], ""fully_supported"": true}, {""response_sentence_key"": ""c"", ""explanation"": ""The sentence is supported by the contract's terms and conditions, which do not explicitly state that liability is uncapped."", ""supporting_sentence_keys"": [""0s""], ""fully_supported"": true}, {""response_sentence_key"": ""d"", ""explanation"": ""The sentence is not supported by the contract, which does not explicitly state that liability is capped for these types of breaches."", ""supporting_sentence_keys"": [], ""fully_supported"": false}, {""response_sentence_key"": ""e"", ""explanation"": ""The sentence is supported by the contract's indemnification clause."", ""supporting_sentence_keys"": [""0l""], ""fully_supported"": true}, {""response_sentence_key"": ""f"", ""explanation"": ""The sentence is not supported by the contract, which does not explicitly state that liability is uncapped for these types of breaches."", ""supporting_sentence_keys"": [], ""fully_supported"": false}], ""overall_supported"": false, ""relevance_explanation"": ""The documents contain useful information for answering the question because they outline the terms and conditions of the sponsorship agreement, including liability and indemnification clauses."", ""overall_supported_explanation"": ""The response is partially supported by the documents. The response correctly states that the contract does not explicitly state that a party's liability is uncapped upon the breach of its obligation (sentence a). This is supported by the contract's terms and conditions, which do not explicitly state that liability is uncapped (sentence 0b). However, the response incorrectly states that the contract does not explicitly state that liability is uncapped for a particular type of breach such as IP infringement or breach of confidentiality obligation (sentence d). This is not supported by the contract, which does not explicitly state that liability is capped for these types of breaches. The response also correctly states that the indemnification clause requires the Sponsor to indemnify and hold harmless Fruit of Life Productions LLC from any and all claims, losses, damages, judgments, settlements, costs and expenses (including reasonable attorney's fees and expenses), and liabilities of every kind incurred as a result of certain acts or omissions by the Sponsor (sentence e). This is supported by the contract's indemnification clause (sentence 0l). However, the response incorrectly states that this suggests that the Sponsor may have unlimited liability for certain types of breaches (sentence f). This is not supported by the contract, which does not explicitly state that liability is uncapped for these types of breaches.""}",
"ETELOS,INC_03_09_2004-EX-10.8-DISTRIBUTOR AGREEMENT__Liquidated Damages",Does the contract contain a clause that would award either party liquidated damages for breach or a fee upon the termination of a contract (termination fee)?,"No, the contract does not contain a clause that would award either party liquidated damages for breach or a fee upon the termination of a contract (termination fee).","[['0dr', '0ds', '0dt', '0du'], ['0ea', '0eb', '0ec', '0ed', '0ee', '0ef', '0eg', '0eh', '0ei', '0ej'], ['0du', '0dv', '0dw', '0dx'], ['0dl', '0dm', '0dn', '0do', '0dp', '0dq', '0dr'], ['0dy', '0dz', '0ea']]",0.02027027027027027,0.02702702702702703,0.6666666666666666,True,0.7972972972972973,0.0,0.0,0,"{""all_relevant_sentence_keys"": [""0az"", ""0eh"", ""0z"", ""0ci"", ""0h"", ""0bw"", ""0ai"", ""0aa"", ""0er"", ""0aq"", ""0ds"", ""0m"", ""0cc"", ""0dx"", ""0bg"", ""0v"", ""0b"", ""0bf"", ""0eq"", ""0dz"", ""0bs"", ""0en"", ""0eo"", ""0bb"", ""0dp"", ""0an"", ""0ef"", ""0ch"", ""0eg"", ""0g"", ""0bt"", ""0aj"", ""0bd"", ""0ag"", ""0ae"", ""0ei"", ""0w"", ""0r"", ""0bo"", ""0x"", ""0bp"", ""0ab"", ""0ah"", ""0e"", ""0p"", ""0ck"", ""0dt"", ""0ej"", ""0em"", ""0ax"", ""0dv"", ""0am"", ""0bv"", ""0bl"", ""0bz"", ""0el"", ""0be"", ""0k"", ""0bj"", ""0t"", ""0ea"", ""0a"", ""0cb"", ""0aw"", ""0ce"", ""0cm"", ""0ap"", ""0dy"", ""0bm"", ""0by"", ""0al"", ""0o"", ""0ed"", ""0bk"", ""0bi"", ""0j"", ""0bn"", ""0ac"", ""0n"", ""0at"", ""0eb"", ""0ar"", ""0au"", ""0bh"", ""0q"", ""0dr"", ""0ao"", ""0dw"", ""0u"", ""0av"", ""0dq"", ""0bu"", ""0ec"", ""0f"", ""0c"", ""0cj"", ""0d"", ""0ad"", ""0ba"", ""0as"", ""0y"", ""0l"", ""0bq"", ""0ca"", ""0cn"", ""0bc"", ""0i"", ""0ep"", ""0cf"", ""0ek"", ""0du"", ""0ay"", ""0af"", ""0s"", ""0ak"", ""0bx"", ""0br"", ""0cl""], ""all_utilized_sentence_keys"": [], ""sentence_support_information"": [{""response_sentence_key"": ""a"", ""explanation"": ""The sentence is not supported by the documents because it makes a definitive claim that the contract does not contain a clause for liquidated damages or termination fees, but the documents do not provide enough information to make this claim."", ""supporting_sentence_keys"": [""0dr"", ""0dp"", ""0ds"", ""0dq"", ""0dt""], ""fully_supported"": false}], ""overall_supported"": false, ""relevance_explanation"": ""Document 0 contains useful information for answering the question. | The contract document contains useful information for answering the question."", ""overall_supported_explanation"": ""The response is not supported by the documents because it makes a definitive claim that the contract does not contain a clause for liquidated damages or termination fees, but the documents do not provide enough information to make this claim. The documents do not explicitly mention liquidated damages or termination fees, but they do contain provisions for returns, warranties, and termination of the agreement, which could be related to these concepts. | The response is not supported by the documents because it claims that the contract does not contain a clause that would award either party liquidated damages for breach or a fee upon the termination of a contract (termination fee). However, upon reviewing the documents, we can see that there are clauses related to termination and payment, such as Section 18.4 and Section 18.5, which mention the purchase and resale of inventory upon termination. These clauses suggest that there may be some form of payment or liquidated damages involved in the termination process.""}",
DigitalCinemaDestinationsCorp_20111220_S-1_EX-10.10_7346719_EX-10.10_Affiliate Agreement__Minimum Commitment,Is there a minimum order size or minimum amount or units per-time period that one party must buy from the counterparty under the contract?,"Yes, there is a minimum order size or minimum amount. According to Section 7.2, the Minimum Fee is $0.17 per Theatre patron, with a Base Amount of 400,000 patrons per twelve-month period. This means that Network Affiliate must have at least 400,000 patrons in the Theatres for the twelve-month period to qualify for the Minimum Fee.","[['0fo', '0fp', '0fq', '0fr', '0fs', '0ft', '0fu'], ['0km', '0kn', '0ko', '0kp', '0kq'], ['0ca', '0cb', '0cc', '0cd', '0ce', '0cf', '0cg', '0ch', '0ci', '0cj', '0ck'], ['0kq', '0kr', '0ks', '0kt', '0ku', '0kv', '0kw', '0kx', '0ky'], ['0ri', '0rj', '0rk', '0rl', '0rm', '0rn', '0ro', '0rp', '0rq']]",0.0038314176245210726,0.0019157088122605363,0.5,True,0.5402298850574713,0.009578544061302681,0.01773049645390071,0,"{""all_relevant_sentence_keys"": [""0sp"", ""0st"", ""0sz"", ""0me"", ""0az"", ""0ta"", ""0kr"", ""0z"", ""0ci"", ""0ga"", ""0nf"", ""0h"", ""0hf"", ""0li"", ""0sx"", ""0bw"", ""0ai"", ""0aa"", ""0aq"", ""0lp"", ""0hm"", ""0m"", ""0gf"", ""0gb"", ""0lr"", ""0ki"", ""0ra"", ""0le"", ""0cc"", ""0hn"", ""0lc"", ""0fs"", ""0hv"", ""0qy"", ""0bg"", ""0lu"", ""0v"", ""0b"", ""0bf"", ""0ns"", ""0oa"", ""0oj"", ""0ru"", ""0sd"", ""0fz"", ""0sc"", ""0gs"", ""0bs"", ""0hp"", ""0rc"", ""0gt"", ""0sk"", ""0bb"", ""0gq"", ""0an"", ""0rn"", ""0ch"", ""0g"", ""0lh"", ""0gg"", ""0bt"", ""0aj"", ""0bd"", ""0ag"", ""0hs"", ""0kq"", ""0ae"", ""0ro"", ""0ln"", ""0sq"", ""0ho"", ""0kj"", ""0w"", ""0r"", ""0hk"", ""0ku"", ""0hq"", ""0bo"", ""0lo"", ""0x"", ""0bp"", ""0ft"", ""0fv"", ""0lk"", ""0gi"", ""0gd"", ""0rj"", ""0rp"", ""0rt"", ""0ge"", ""0rw"", ""0nb"", ""0ab"", ""0hu"", ""0ol"", ""0kp"", ""0kz"", ""0gz"", ""0nu"", ""0kw"", ""0ah"", ""0gl"", ""0e"", ""0kn"", ""0p"", ""0qz"", ""0fp"", ""0fb"", ""0hb"", ""0mc"", ""0nq"", ""0oe"", ""0gu"", ""0lg"", ""0hr"", ""0sm"", ""0ax"", ""0am"", ""0gw"", ""0bv"", ""0bl"", ""0bz"", ""0nj"", ""0he"", ""0kv"", ""0be"", ""0gm"", ""0rm"", ""0k"", ""0sl"", ""0bj"", ""0ls"", ""0hi"", ""0la"", ""0t"", ""0ht"", ""0lz"", ""0ry"", ""0lt"", ""0a"", ""0db"", ""0md"", ""0lw"", ""0cb"", ""0ob"", ""0aw"", ""0mu"", ""0hd"", ""0ce"", ""0cm"", ""0ap"", ""0sv"", ""0hg"", ""0ma"", ""0rk"", ""0bm"", ""0sf"", ""0hj"", ""0lb"", ""0of"", ""0ff"", ""0by"", ""0ny"", ""0al"", ""0rq"", ""0ll"", ""0o"", ""0og"", ""0bk"", ""0bi"", ""0j"", ""0bn"", ""0fe"", ""0hh"", ""0kx"", ""0gh"", ""0ly"", ""0ng"", ""0nx"", ""0oc"", ""0sa"", ""0ac"", ""0n"", ""0at"", ""0se"", ""0fr"", ""0ar"", ""0ha"", ""0au"", ""0bh"", ""0gv"", ""0q"", ""0kk"", ""0ao"", ""0go"", ""0tb"", ""0gk"", ""0u"", ""0av"", ""0fu"", ""0bu"", ""0sn"", ""0f"", ""0cd"", ""0ms"", ""0mb"", ""0rl"", ""0so"", ""0kt"", ""0c"", ""0ky"", ""0nh"", ""0ri"", ""0ld"", ""0lv"", ""0si"", ""0cj"", ""0oh"", ""0gj"", ""0rz"", ""0gx"", ""0om"", ""0rh"", ""0d"", ""0sg"", ""0ad"", ""0rb"", ""0sh"", ""0rf"", ""0lx"", ""0mi"", ""0gc"", ""0ba"", ""0cg"", ""0mh"", ""0as"", ""0y"", ""0l"", ""0kh"", ""0lm"", ""0lj"", ""0bq"", ""0nw"", ""0ss"", ""0ca"", ""0rx"", ""0cn"", ""0gr"", ""0bc"", ""0lf"", ""0gy"", ""0ni"", ""0rr"", ""0sj"", ""0sy"", ""0sb"", ""0rd"", ""0su"", ""0hc"", ""0i"", ""0cf"", ""0lq"", ""0nv"", ""0od"", ""0rg"", ""0rs"", ""0sr"", ""0ay"", ""0ko"", ""0gp"", ""0nr"", ""0oi"", ""0af"", ""0s"", ""0ak"", ""0ok"", ""0re"", ""0rv"", ""0bx"", ""0br"", ""0sw"", ""0mf""], ""all_utilized_sentence_keys"": [""0b"", ""0kn"", ""0e"", ""0kh"", ""0d""], ""sentence_support_information"": [{""response_sentence_key"": ""a"", ""explanation"": ""The sentence is supported by the documents, specifically Section 7.2."", ""supporting_sentence_keys"": [""0kh"", ""0kn"", ""0e""], ""fully_supported"": true}, {""response_sentence_key"": ""b"", ""explanation"": ""The sentence is supported by the documents, specifically Section 7.2."", ""supporting_sentence_keys"": [""0kn"", ""0e""], ""fully_supported"": true}, {""response_sentence_key"": ""c"", ""explanation"": ""The sentence is not supported by the documents, as there is no information about the minimum number of patrons required to qualify for the Minimum Fee."", ""supporting_sentence_keys"": [""0kn""], ""fully_supported"": false}], ""overall_supported"": false, ""relevance_explanation"": ""Document 0 contains useful information for answering the question, specifically the sections related to the contract terms and conditions. | Document 0 contains useful information for answering the question. | Document 0 contains useful information for answering the question. | Document 0 contains useful information for answering the question, specifically Section 4.4 Make Goods. | Document 0 contains useful information for answering the question. | Document 0 contains useful information for answering the question. | The documents contain useful information for answering the question, specifically Section 14.2 of Exhibit A, which outlines the terms and conditions of the contract, including the minimum order size or minimum amount."", ""overall_supported_explanation"": ""The response is partially supported by the documents. The first sentence is supported by the documents, specifically Section 7.2. The second sentence is supported by the documents, specifically Section 7.2. The third sentence is not supported by the documents, as there is no information about the minimum number of patrons required to qualify for the Minimum Fee. | The response as a whole is not supported by the documents. The response claims that there is a minimum order size or minimum amount, but this is not supported by the documents. The response also claims that Network Affiliate must have at least 400,000 patrons in the Theatres for the twelve-month period to qualify for the Minimum Fee, but this is not supported by the documents. | The response is not supported by the documents. The response claims that there is a minimum order size or minimum amount, but the documents do not mention any minimum order size or minimum amount. The response also claims that the Minimum Fee is $0.17 per Theatre patron, with a Base Amount of 400,000 patrons per twelve-month period, but this information is not present in the documents. | The response claims that there is a minimum order size or minimum amount. However, upon reviewing the documents, we find that there is no mention of a minimum order size or minimum amount in the provided text. The response also claims that Network Affiliate must have at least 400,000 patrons in the Theatres for the twelve-month period to qualify for the Minimum Fee. However, this information is not present in the provided documents. Therefore, the response as a whole is not supported by the documents. | The response is partially supported by the documents. The first sentence is supported by the documents, as Section 7.2 does mention a minimum fee. However, the second sentence is not fully supported, as it incorrectly states that the minimum fee is $0.17 per Theatre patron. The third sentence is also not fully supported, as it incorrectly states that Network Affiliate must have at least 400,000 patrons in the Theatres for the twelve-month period to qualify for the Minimum Fee. | The response is not supported by the documents. The response claims that there is a minimum order size or minimum amount, but the documents do not provide any information about a minimum order size or minimum amount. The response also claims that Network Affiliate must have at least 400,000 patrons in the Theatres for the twelve-month period to qualify for the Minimum Fee, but this information is not present in the documents. | The response is not supported by the documents. The response claims that there is a minimum order size or minimum amount, but the documents do not provide any information about a minimum order size or minimum amount. The response also claims that the Minimum Fee is $0.17 per Theatre patron, with a Base Amount of 400,000 patrons per twelve-month period, but this information is not present in the documents.""}",
MEDIWOUNDLTD_01_15_2014-EX-10.6-SUPPLY AGREEMENT__Affiliate License-Licensor,Does the contract contain a license grant by affiliates of the licensor or that includes intellectual property of affiliates of the licensor? ,"No, the contract does not contain a license grant by affiliates of the licensor or that includes intellectual property of affiliates of the licensor. The contract mentions ""Affiliates"" in Section 1.1, but it does not mention a license grant by affiliates. It only mentions that MediWound shall license certain Product-related know-how from LR in Section 2.1.1.","[['0h', '0i', '0j', '0k', '0l', '0m', '0n', '0o', '0p'], ['0ah', '0ai', '0aj', '0ak', '0al'], ['0hj', '0hk', '0hl', '0hm', '0hn', '0ho', '0hp', '0hq'], ['0a', '0b', '0c', '0d', '0e', '0f'], ['0al', '0am', '0an', '0ao', '0ap', '0aq', '0ar']]",0.044673539518900345,0.003436426116838488,0.07692307692307693,True,0.48109965635738833,0.24742268041237114,0.5071428571428571,1,"{""all_relevant_sentence_keys"": [""0jz"", ""0az"", ""0kr"", ""0z"", ""0hf"", ""0kl"", ""0ai"", ""0aa"", ""0kg"", ""0aq"", ""0ki"", ""0jd"", ""0bg"", ""0v"", ""0il"", ""0bf"", ""0jb"", ""0bs"", ""0bb"", ""0an"", ""0jq"", ""0bt"", ""0aj"", ""0js"", ""0bd"", ""0ag"", ""0hs"", ""0jm"", ""0ke"", ""0ae"", ""0ix"", ""0kq"", ""0kj"", ""0w"", ""0r"", ""0hk"", ""0jl"", ""0ku"", ""2.1.1"", ""0bo"", ""0x"", ""0bp"", ""0ik"", ""0if"", ""0kd"", ""0ab"", ""0jy"", ""0kp"", ""0kz"", ""0kw"", ""0ah"", ""0kn"", ""0p"", ""0b."", ""0jr"", ""0ks"", ""0ax"", ""0am"", ""0bv"", ""0ju"", ""0bl"", ""0jp"", ""0kf"", ""0he"", ""0kv"", ""0be"", ""0id"", ""0bj"", ""0hi"", ""0t"", ""0a."", ""0jv"", ""0ia"", ""0aw"", ""0ij"", ""0ap"", ""0iw"", ""0hg"", ""0bm"", ""0hj"", ""0jc"", ""0al"", ""0o"", ""0iv"", ""0bk"", ""0bi"", ""0kx"", ""0bn"", ""0hh"", ""0iu"", ""0ig"", ""0ac"", ""0at"", ""0iz"", ""0jf"", ""0ar"", ""0c."", ""0au"", ""0bh"", ""0jh"", ""0ka"", ""0q"", ""0kk"", ""0ao"", ""0ib"", ""0ie"", ""0u"", ""0av"", ""0iy"", ""0jw"", ""0bu"", ""0jx"", ""0kt"", ""0ky"", ""0ic"", ""0jt"", ""0kb"", ""0ad"", ""0kc"", ""0ba"", ""0ii"", ""0as"", ""0y"", ""0kh"", ""0ji"", ""0bq"", ""0bc"", ""0km"", ""0ja"", ""0jk"", ""0jo"", ""0jg"", ""0ay"", ""0ko"", ""0ih"", ""0af"", ""0s"", ""0ak"", ""0br"", ""0je""], ""all_utilized_sentence_keys"": [""0w"", ""0r"", ""0hi"", ""0hk"", ""0t"", ""0bo"", ""0az"", ""0x"", ""0bp"", ""2.1.1"", ""0z"", ""0hf"", ""0aw"", ""0ai"", ""0aa"", ""0ap"", ""0ad"", ""0aq"", ""0ab"", ""0hg"", ""0fa"", ""0bm"", ""0hj"", ""0ba"", ""0ah"", ""0as"", ""0y"", ""0p"", ""0al"", ""0o"", ""0bq"", ""0bk"", ""0bi"", ""0bn"", ""0bg"", ""0hh"", ""0v"", ""0bf"", ""0bc"", ""0b."", ""0ac"", ""0at"", ""0br"", ""0bs"", ""0ar"", ""0ax"", ""0c."", ""0au"", ""0bh"", ""0am"", ""0bb"", ""0q"", ""0bu"", ""0an"", ""0bl"", ""0bv"", ""0bj"", ""0ao"", ""0he"", ""0be"", ""0bt"", ""0aj"", ""0ay"", ""0af"", ""0s"", ""0u"", ""0ag"", ""0ak"", ""0av"", ""0ae"", ""0bd"", ""0hs""], ""sentence_support_information"": [{""response_sentence_key"": ""a"", ""explanation"": ""The sentence is supported by the documents because it correctly states that the contract does not contain a license grant by affiliates of the licensor or that includes intellectual property of affiliates of the licensor."", ""supporting_sentence_keys"": [""0w"", ""0r"", ""0hi"", ""0hk"", ""0hh"", ""0t"", ""0x"", ""0v"", ""0b."", ""0z"", ""0ac"", ""0ae"", ""0hf"", ""0c."", ""0aa"", ""0q"", ""0ad"", ""0ab"", ""0hg"", ""0he"", ""0hj"", ""0af"", ""0s"", ""0u"", ""0hs"", ""0y"", ""0p"", ""0o""], ""fully_supported"": true}, {""response_sentence_key"": ""b"", ""explanation"": ""The sentence is supported by the documents because it correctly states that the contract mentions 'Affiliates' in Section 1.1."", ""supporting_sentence_keys"": [""0he"", ""0b."", ""0o""], ""fully_supported"": true}, {""response_sentence_key"": ""c"", ""explanation"": ""The sentence is not supported by the documents because it incorrectly states that the contract only mentions that MediWound shall license certain Product-related know-how from LR in Section 2.1.1."", ""supporting_sentence_keys"": [""2.1.1"", ""0fa""], ""fully_supported"": true}], ""overall_supported"": true, ""relevance_explanation"": ""Document 0 contains useful information for answering the question. | The contract contains useful information for answering the question, specifically in Section 2.1.1, which mentions a license grant by the licensor LR. | The contract contains useful information for answering the question, specifically in Section 12.1 and Section 12.2. | Document 0 contains useful information for answering the question, specifically sections related to the agreement between MediWound Ltd. and Challenge Bioproducts Corporation Ltd."", ""overall_supported_explanation"": ""The response is supported by the documents because it correctly states that the contract does not contain a license grant by affiliates of the licensor or that includes intellectual property of affiliates of the licensor. The response is supported by Section 1.1, which defines 'Affiliate' as any firm, person or company which controls, is controlled by or is under common control with a party to this Agreement. However, the response is not supported by Section 2.1.1, which mentions that MediWound shall license certain Product-related know-how from LR, but it does not mention a license grant by affiliates. | The response as a whole is supported by the documents. The first sentence in the response is supported by the fact that there is no mention of a license grant by affiliates of the licensor in the contract. The second sentence is supported by the fact that the contract mentions 'Affiliates' in Section 1.1, but it does not mention a license grant by affiliates. The third sentence is supported by the fact that the contract only mentions that MediWound shall license certain Product-related know-how from LR in Section 2.1.1. | The response as a whole is supported by the documents. The response correctly states that the contract does not contain a license grant by affiliates of the licensor or that includes intellectual property of affiliates of the licensor. The response is supported by Section 12.1, which states that neither party shall assign its rights or obligations hereunder, in whole or in part, except with the prior written consent of the other party, except to a party acquiring all of the business of the assigning party to which this Agreement relates. Additionally, Section 12.2 states that MediWound may assign all of its rights and obligations under this Agreement or perform some or all of its obligations under this Agreement through its Affiliates and Sub-Contractors, provided that MediWound shall remain solely responsible for and be guarantor of the performance by its Affiliates and Sub-Contractors. | The response as a whole is not supported by the documents. The first sentence of the response is supported by the documents, as it correctly states that there is no license grant by affiliates of the licensor or that includes intellectual property of affiliates of the licensor. However, the second and third sentences of the response are not supported by the documents. The second sentence is incorrect because it mentions that the contract mentions 'Affiliates' in Section 1.1, but it does not. The third sentence is also incorrect because it states that the contract only mentions that MediWound shall license certain Product-related know-how from LR in Section 2.1.1, but it does not.""}",
NakedBrandGroupInc_20150731_POS AM (on S-1)_EX-10.75_9196027_EX-10.75_Endorsement Agreement__Anti-Assignment,Is consent or notice required of a party if the contract is assigned to a third party?,"No, consent or notice is required of a party if the contract is assigned to a third party. However, the assignment itself is subject to the prior written consent of the other party (Section 18).","[['0ga', '0gb', '0gc', '0gd', '0ge', '0gf', '0gg'], ['0fq', '0fr', '0fs', '0ft'], ['0gg', '0gh', '0gi', '0gj', '0gk', '0gl', '0gm'], ['0gy', '0gz', '0ha', '0hb', '0hc', '0hd', '0he', '0hf', '0hg', '0hh'], ['0hh', '0hi', '0hj', '0hk', '0hl', '0hm', '0hn', '0ho', '0hp', '0hq', '0hr']]",0.004098360655737705,0.004098360655737705,1.0,True,0.9508196721311475,0.06147540983606557,0.06465517241379311,0,"{""all_relevant_sentence_keys"": [""0af."", ""0az"", ""0u."", ""0by."", ""0cu."", ""0dp."", ""0z"", ""0o."", ""0h"", ""0e."", ""0j."", ""0w."", ""0ai"", ""0aa"", ""0bz."", ""0aq"", ""0cc."", ""0av."", ""0m"", ""0eg."", ""0cn."", ""0dk."", ""0bf."", ""0hv"", ""0bg"", ""0v"", ""0b"", ""0bf"", ""0ce."", ""0bb"", ""0da."", ""0an"", ""0di."", ""0g"", ""0db."", ""0x."", ""0aj"", ""0bt."", ""0dr."", ""0bd"", ""0ag"", ""0ak."", ""0dy."", ""0ea."", ""0ae"", ""0eb."", ""0ck."", ""0w"", ""0r"", ""0p."", ""0bo"", ""0x"", ""0bp"", ""0ek."", ""0es."", ""0bc."", ""0bx."", ""0cs."", ""0bi."", ""0cm."", ""0do."", ""0if"", ""0bw."", ""0ab"", ""0hu"", ""0ax."", ""0ba."", ""0bk."", ""0ep."", ""0aa."", ""0ah"", ""0bb."", ""0e"", ""0k."", ""0p"", ""0cd."", ""0ds."", ""0dj."", ""0bd."", ""0f."", ""0ch."", ""0bg."", ""0cf."", ""0cy."", ""0ei."", ""0bn."", ""0i."", ""0b."", ""0ef."", ""0dh."", ""0y."", ""0cx."", ""0ax"", ""0aw."", ""0dg."", ""0dx."", ""0dz."", ""0am"", ""0az."", ""0dl."", ""0bl"", ""0as."", ""0ca."", ""0cl."", ""0be"", ""0k"", ""0id"", ""0ec."", ""0bj"", ""0bp."", ""0dv."", ""0l."", ""0hx"", ""0dw."", ""0at."", ""0t"", ""0ht"", ""0m."", ""0hw"", ""0cg."", ""0a"", ""0bl."", ""0a."", ""0aw"", ""0dn."", ""0du."", ""0dc."", ""0t."", ""0ac."", ""0ij"", ""0ap"", ""0aq."", ""0ci."", ""0bm"", ""0d."", ""0al."", ""0bu."", ""0bh."", ""0cj."", ""0em."", ""0dd."", ""0cz."", ""0al"", ""0o"", ""0bv."", ""0bk"", ""0bi"", ""0j"", ""0bn"", ""0q."", ""0ae."", ""0bj."", ""0ig"", ""0ct."", ""0ee."", ""0ac"", ""0n"", ""0at"", ""0br."", ""0ar"", ""0df."", ""0c."", ""0au"", ""0bh"", ""0ai."", ""0er."", ""0q"", ""0co."", ""0ao"", ""0ib"", ""0ie"", ""0cq."", ""0eh."", ""0u"", ""0av"", ""0h."", ""0f"", ""0ag."", ""0el."", ""0dm."", ""0c"", ""0ao."", ""0cp."", ""0ic"", ""0ar."", ""0eq."", ""0cb."", ""0cr."", ""0de."", ""0d"", ""0r."", ""0ad"", ""0ad."", ""0cw."", ""0ed."", ""0ba"", ""0v."", ""0ay."", ""0bo."", ""0ii"", ""0as"", ""0y"", ""0l"", ""0bq"", ""0bq."", ""0eo."", ""0ap."", ""0au."", ""0dq."", ""0ej."", ""0be."", ""0bc"", ""0s."", ""0cv."", ""0ab."", ""0an."", ""0bm."", ""0aj."", ""0i"", ""0n."", ""0z."", ""0g."", ""0dt."", ""0ay"", ""0en."", ""0af"", ""0s"", ""0ak"", ""0ah."", ""0am."", ""0br"", ""0bs.""], ""all_utilized_sentence_keys"": [""0hx"", ""0hv"", ""0an"", ""0ij"", ""0hw"", ""0hu"", ""0ht"", ""0ig"", ""0ib"", ""0ie"", ""0b."", ""0ic"", ""0id"", ""0ii"", ""0if""], ""sentence_support_information"": [{""response_sentence_key"": ""a"", ""explanation"": ""This sentence is not supported by the documents, as it contradicts Section 18."", ""supporting_sentence_keys"": [""0an"", ""0b.""], ""fully_supported"": false}, {""response_sentence_key"": ""b"", ""explanation"": ""This sentence is supported by the documents, as it is consistent with Section 18."", ""supporting_sentence_keys"": [""0ic"", ""0an"", ""0b.""], ""fully_supported"": true}], ""overall_supported"": false, ""relevance_explanation"": ""The relevant documents for answering the question are Document 0, as it contains the contract terms and conditions that may be relevant to the assignment of the contract to a third party. | The relevant information for answering the question is found in the contract between Naked Brand Group Inc. and Dwyane Wade, specifically in the sections regarding assignment and termination. | The documents appear to be related to a contract between Naked Brand Group Inc. and Wade Enterprises, LLC, and contain information about trademarks and copyrights. However, they do not directly address the question of whether consent or notice is required for a contract assignment to a third party. The relevant information is likely to be found in the contract itself, but it is not explicitly stated in the provided documents."", ""overall_supported_explanation"": ""The response as a whole is not supported by the documents. The first sentence claims that consent or notice is not required of a party if the contract is assigned to a third party, but this is contradicted by Section 18, which states that the assignment itself is subject to the prior written consent of the other party. The second sentence claims that the assignment itself is subject to the prior written consent of the other party, which is supported by Section 18. | The response as a whole is not supported by the documents. The first sentence claims that consent or notice is not required for a contract assignment, but this is contradicted by the contract itself, which states that the assignment is subject to the prior written consent of the other party (Section 18). The second sentence claims that the assignment itself is subject to the prior written consent of the other party, which is true, but this is not a complete answer to the question. | The response as a whole is not supported by the documents. The first sentence claims that no consent or notice is required for a contract assignment to a third party, but this is not supported by any sentence in the documents. The second sentence claims that the assignment itself is subject to the prior written consent of the other party (Section 18), but there is no Section 18 in the provided documents, and the documents do not mention anything about consent or notice for contract assignments.""}",
AIRSPANNETWORKSINC_04_11_2000-EX-10.5-Distributor Agreement__Document Name,The name of the contract,The name of the contract is not explicitly stated in the provided excerpts.,"[['0ki', '0kj', '0kk', '0kl', '0km', '0kn'], ['0ci', '0cj', '0ck', '0cl', '0cm', '0cn', '0co'], ['0kn', '0ko', '0kp', '0kq', '0kr', '0ks'], ['0hj', '0hk', '0hl', '0hm', '0hn'], ['0bk', '0bl', '0bm', '0bn', '0bo']]",0.003278688524590164,0.003278688524590164,1.0,True,0.6491803278688525,0.01639344262295082,0.025252525252525252,1,"{""all_relevant_sentence_keys"": [""0az"", ""0eh"", ""0z"", ""0ci"", ""0ga"", ""0h"", ""0cr"", ""0cu"", ""0fk"", ""0bw"", ""0ai"", ""0fg"", ""0aa"", ""0er"", ""0aq"", ""0ds"", ""0fa"", ""0m"", ""0gf"", ""0gb"", ""0cc"", ""0dx"", ""0fs"", ""0dm"", ""0bg"", ""0ex"", ""0v"", ""0b"", ""0bf"", ""0eq"", ""0dz"", ""0dj"", ""0fz"", ""0ee"", ""0bs"", ""0en"", ""0eo"", ""0fy"", ""0bb"", ""0gq"", ""0dp"", ""0an"", ""0ef"", ""0ch"", ""0eg"", ""0g"", ""0fo"", ""0fw"", ""0fd"", ""0bt"", ""0gg"", ""0aj"", ""0bd"", ""0ag"", ""0co"", ""0ae"", ""0fh"", ""0ct"", ""0ei"", ""0w"", ""0r"", ""0bo"", ""0x"", ""0bp"", ""0ft"", ""0fv"", ""0et"", ""0gd"", ""0dk"", ""0ge"", ""0cy"", ""0ab"", ""0fx"", ""0cw"", ""0gn"", ""0ah"", ""0gl"", ""0e"", ""0p"", ""0fp"", ""0ck"", ""0dt"", ""0ej"", ""0fb"", ""0eu"", ""0em"", ""0ax"", ""0cv"", ""0de"", ""0dv"", ""0am"", ""0bv"", ""0bl"", ""0bz"", ""0fl"", ""0el"", ""0be"", ""0gm"", ""0k"", ""0bj"", ""0es"", ""0t"", ""0ea"", ""0fq"", ""0a"", ""0db"", ""0cb"", ""0aw"", ""0ce"", ""0cm"", ""0ap"", ""0dd"", ""0dy"", ""0bm"", ""0cs"", ""0cz"", ""0fi"", ""0ff"", ""0jc"", ""0by"", ""0al"", ""0o"", ""0ed"", ""0bk"", ""0bi"", ""0j"", ""0bn"", ""0fe"", ""0gh"", ""0ac"", ""0n"", ""0at"", ""0dc"", ""0eb"", ""0ar"", ""0fr"", ""0au"", ""0bh"", ""0cp"", ""0q"", ""0dr"", ""0ao"", ""0go"", ""0do"", ""0dw"", ""0dg"", ""0dl"", ""0gk"", ""0u"", ""0av"", ""0dq"", ""0fu"", ""0bu"", ""0ec"", ""0f"", ""0cd"", ""0c"", ""0cj"", ""0cx"", ""0dn"", ""0gj"", ""0fm"", ""0ez"", ""0d"", ""0ad"", ""0dh"", ""0gc"", ""0ba"", ""0cg"", ""0as"", ""0y"", ""0l"", ""0bq"", ""0ca"", ""0fn"", ""0cn"", ""0bc"", ""0fc"", ""0cq"", ""0fj"", ""0df"", ""0ey"", ""0i"", ""0ep"", ""0cf"", ""0di"", ""0da"", ""0du"", ""0ek"", ""0ew"", ""0ay"", ""0gp"", ""0af"", ""0s"", ""0ak"", ""0bx"", ""0br"", ""0cl""], ""all_utilized_sentence_keys"": [""0bv"", ""0c"", ""0a"", ""0jc"", ""0gq""], ""sentence_support_information"": [{""response_sentence_key"": ""a"", ""explanation"": ""The sentence is supported because it correctly states that the name of the contract is not explicitly stated in the provided excerpts."", ""supporting_sentence_keys"": [""0bv"", ""0jc"", ""0c"", ""0a"", ""0gq""], ""fully_supported"": true}], ""overall_supported"": true, ""relevance_explanation"": ""Document 0 contains useful information for answering the question. | Document 0 contains useful information for answering the question. | The documents contain useful information for answering the question because they describe the terms and conditions of a contract between Airspan and a distributor, which includes information about the use of Airspan's name and trademarks, confidentiality, and licensing of software. | Document 0 contains useful information for answering the question. | Document 0 contains useful information for answering the question."", ""overall_supported_explanation"": ""The response is supported because it correctly states that the name of the contract is not explicitly stated in the provided excerpts. | The response is supported because it correctly states that the name of the contract is not explicitly stated in the provided excerpts. | The response is supported because it correctly states that the name of the contract is not explicitly stated in the provided excerpts. | The response as a whole is supported by the documents because it correctly states that the name of the contract is not explicitly stated in the provided excerpts. | The response as a whole is supported by the documents because it correctly states that the name of the contract is not explicitly stated in the provided excerpts.""}",
IMAGEWARESYSTEMSINC_12_20_1999-EX-10.22-MAINTENANCE AGREEMENT__Liquidated Damages,Does the contract contain a clause that would award either party liquidated damages for breach or a fee upon the termination of a contract (termination fee)?,"No, the contract does not explicitly mention a clause for liquidated damages for breach or a termination fee. However, it does mention that the Monthly Maintenance Charges for a sixty (60) day term under this Agreement will be the limit of XIMAGE's liability for damages.","[['0de', '0df', '0dg', '0dh', '0di'], ['0cq', '0cr', '0cs', '0ct', '0cu'], ['0cu', '0cv', '0cw', '0cx', '0cy'], ['0cy', '0cz', '0da', '0db', '0dc', '0dd', '0de'], ['0bh', '0bi', '0bj', '0bk', '0bl', '0bm', '0bn', '0bo']]",0.06976744186046512,0.031007751937984496,0.4444444444444444,True,0.4573643410852713,0.015503875968992248,0.03389830508474576,1,"{""all_relevant_sentence_keys"": [""0bo"", ""0az"", ""0bp"", ""0db"", ""0ci"", ""0cj"", ""0cb"", ""0cr"", ""0cu"", ""0bw"", ""0ce"", ""0cl"", ""0ap"", ""0aq"", ""0bm"", ""0cs"", ""0ba"", ""0ct"", ""0cg"", ""0cc"", ""0as"", ""0by"", ""0bq"", ""0bk"", ""0bi"", ""0ck"", ""0bn"", ""0bg"", ""0ca"", ""0cn"", ""0bf"", ""0bc"", ""0at"", ""0bs"", ""0cq"", ""0ar"", ""0ax"", ""0bh"", ""0au"", ""0bu"", ""0cp"", ""0bv"", ""0df"", ""0an"", ""0bl"", ""0bz"", ""0ch"", ""0cf"", ""0ao"", ""0be"", ""0bt"", ""0ay"", ""0dg"", ""0co"", ""0av"", ""0bj"", ""0br"", ""0bx"", ""0cd""], ""all_utilized_sentence_keys"": [""0db"", ""0df""], ""sentence_support_information"": [{""response_sentence_key"": ""a"", ""explanation"": ""The first sentence is supported by the lack of any mention of liquidated damages or termination fees in the contract."", ""supporting_sentence_keys"": [""0bi"", ""0bg"", ""0az"", ""0bf"", ""0bc"", ""0db"", ""0at"", ""0ar"", ""0ax"", ""0au"", ""0bh"", ""0ap"", ""0an"", ""0aq"", ""0ao"", ""0be"", ""0ba"", ""0ay"", ""0as"", ""0av"", ""0bj""], ""fully_supported"": true}, {""response_sentence_key"": ""b"", ""explanation"": ""The second sentence is supported by the mention of the limit of XIMAGE's liability for damages in Section 3."", ""supporting_sentence_keys"": [""0bf"", ""0df""], ""fully_supported"": true}], ""overall_supported"": true, ""relevance_explanation"": ""Document 0 contains useful information for answering the question. | Document 0 contains useful information for answering the question."", ""overall_supported_explanation"": ""The response is partially supported by the documents. The first sentence is supported by the lack of any mention of liquidated damages or termination fees in the contract. The second sentence is supported by the mention of the limit of XIMAGE's liability for damages in Section 3. | The response as a whole is partially supported by the documents. The first sentence is supported by the fact that there is no explicit mention of liquidated damages for breach or a termination fee in the contract. The second sentence is partially supported by the fact that the Monthly Maintenance Charges for a sixty (60) day term under this Agreement will be the limit of XIMAGE's liability for damages, as stated in section 0df.""}",
DYNAMEXINC_06_06_1996-EX-10.4-TRANSPORTATION SERVICES AGREEMENT__Cap On Liability,Does the contract include a cap on liability upon the breach of a party’s obligation? This includes time limitation for the counterparty to bring claims or maximum amount for recovery.,"Yes, the contract includes a cap on liability. 

Section 8.2 states that the indemnifying party's liability to the other party shall not exceed the insurance coverage set out in Section 9.0. 

Section 9.0 outlines the insurance coverages, including cargo liability insurance with a combined single limit of not less than $100,000.00 per occurrence and automobile, non-owned automobile, fleet, comprehensive general, public and property liability insurance with a limit of not less than $2,000,000.00 inclusive of bodily injury and property damage for any one occurrence arising out of one (1) cause.

Additionally, Section 7.1 states that a party shall pay to the other the full amount of any paid claim, loss or damage for which it is liable within 45 days following presentation of supporting documentation. If a party fails to pay, the other party shall have the right to deduct the amount of such claim, loss or damage from any monies due or becoming due to the first party by the second party.

Section 17.4 also states that if the defaulting party fails to pay any amount due, the other party shall have the right to deduct same from any amount due or to become due to the defaulting party.

However, the contract does not explicitly state a time limitation for the counterparty to bring claims.","[['0cp', '0cq', '0cr', '0cs', '0ct', '0cu'], ['0cy', '0cz', '0da', '0db', '0dc', '0dd', '0de', '0df', '0dg'], ['0fo', '0fp', '0fq', '0fr', '0fs', '0ft', '0fu'], ['0dg', '0dh', '0di', '0dj', '0dk'], ['0dk', '0dl', '0dm', '0dn', '0do', '0dp', '0dq', '0dr', '0ds', '0dt']]",0.028985507246376812,0.021739130434782608,0.75,True,0.08695652173913043,0.057971014492753624,0.6666666666666666,0,"{""all_relevant_sentence_keys"": [""0db"", ""0fk"", ""0cm"", ""0dd"", ""0dh"", ""0cs"", ""0cz"", ""0fi"", ""0ff"", ""0fe"", ""0fb"", ""0cn"", ""0dc"", ""0fc"", ""0cq"", ""0cv"", ""0fj"", ""0df"", ""0cp"", ""0fl"", ""0fd"", ""0co"", ""0cl"", ""0ct""], ""all_utilized_sentence_keys"": [""0fe"", ""0dd"", ""0cs"", ""0cz"", ""0fb"", ""0db"", ""0fd"", ""0fi"", ""0dc"", ""0ff"", ""0fc"", ""0fk"", ""0cv"", ""0fj"", ""0df"", ""0ct""], ""sentence_support_information"": [{""response_sentence_key"": ""a"", ""explanation"": ""The response is supported by the documents, specifically section 8.2, which states that the indemnifying party's liability to the other party shall not exceed the insurance coverage set out in Section 9.0."", ""supporting_sentence_keys"": [""0cv"", ""0cz""], ""fully_supported"": true}, {""response_sentence_key"": ""b"", ""explanation"": ""The response is supported by the documents, specifically section 8.2."", ""supporting_sentence_keys"": [""0cv"", ""0cz""], ""fully_supported"": true}, {""response_sentence_key"": ""c"", ""explanation"": ""The response is supported by the documents, specifically section 9.0."", ""supporting_sentence_keys"": [""0dc"", ""0dd"", ""0db"", ""0df""], ""fully_supported"": true}, {""response_sentence_key"": ""d"", ""explanation"": ""The response is supported by the documents, specifically section 7.1."", ""supporting_sentence_keys"": [""0cs""], ""fully_supported"": true}, {""response_sentence_key"": ""e"", ""explanation"": ""The response is supported by the documents, specifically section 7.1."", ""supporting_sentence_keys"": [""0ct""], ""fully_supported"": true}, {""response_sentence_key"": ""f"", ""explanation"": ""The response is supported by the documents, specifically section 17.1."", ""supporting_sentence_keys"": [""0fe"", ""0fb"", ""0fi"", ""0fd"", ""0ff"", ""0fc"", ""0fk"", ""0fj""], ""fully_supported"": true}, {""response_sentence_key"": ""g"", ""explanation"": ""The response is not supported by the documents, as section 7.1 states that a party shall pay to the other the full amount of any paid claim, loss or damage for which it is liable within 45 days following presentation of supporting documentation."", ""supporting_sentence_keys"": [], ""fully_supported"": false}], ""overall_supported"": false, ""relevance_explanation"": ""The documents contain useful information for answering the question, specifically sections 6.2, 7.1, 8.2, 9.0, and 17.1."", ""overall_supported_explanation"": ""The response is partially supported by the documents. The response correctly identifies that the contract includes a cap on liability, specifically in section 8.2, which states that the indemnifying party's liability to the other party shall not exceed the insurance coverage set out in Section 9.0. However, the response incorrectly states that the contract does not explicitly state a time limitation for the counterparty to bring claims. In fact, section 7.1 states that a party shall pay to the other the full amount of any paid claim, loss or damage for which it is liable within 45 days following presentation of supporting documentation.""}",
DYNAMEXINC_06_06_1996-EX-10.4-TRANSPORTATION SERVICES AGREEMENT__Joint Ip Ownership,Is there any clause providing for joint or shared ownership of intellectual property between the parties to the contract?,"No, there is no clause providing for joint or shared ownership of intellectual property between the parties to the contract. According to section 35.1, each party's trade-marks, distinctive colours, and designs used in connection with the services shall remain the exclusive property of each party.","[['0ia', '0ib', '0ic', '0id', '0ie', '0if'], ['0hs', '0ht', '0hu', '0hv', '0hw', '0hx', '0hy', '0hz', '0ia'], ['0gz', '0ha', '0hb', '0hc', '0hd', '0he', '0hf', '0hg', '0hh', '0hi'], ['0if', '0ig', '0ih', '0ii', '0ij', '0ik', '0il', '0im', '0in', '0io', '0ip'], ['0dg', '0dh', '0di', '0dj', '0dk']]",0.007246376811594203,0.007246376811594203,1.0,True,0.021739130434782608,0.010869565217391304,0.5,1,"{""all_relevant_sentence_keys"": [""0ig"", ""0ie"", ""0jb"", ""0ih"", ""0id"", ""0if""], ""all_utilized_sentence_keys"": [""0id"", ""0jb"", ""0if""], ""sentence_support_information"": [{""response_sentence_key"": ""a"", ""explanation"": ""The sentence is supported by the fact that there is no clause providing for joint or shared ownership of intellectual property between the parties to the contract."", ""supporting_sentence_keys"": [""0jb"", ""0if""], ""fully_supported"": true}, {""response_sentence_key"": ""b"", ""explanation"": ""The sentence is supported by section 35.1, which states that each party's trade-marks, distinctive colours, and designs used in connection with the services shall remain the exclusive property of each party."", ""supporting_sentence_keys"": [""0jb"", ""0if""], ""fully_supported"": true}], ""overall_supported"": true, ""relevance_explanation"": ""Document 0 contains useful information for answering the question. | Document 0 contains useful information for answering the question."", ""overall_supported_explanation"": ""The response as a whole is supported by the documents. The first sentence in the response is supported by the fact that there is no clause providing for joint or shared ownership of intellectual property between the parties to the contract. The second sentence is supported by section 35.1, which states that each party's trade-marks, distinctive colours, and designs used in connection with the services shall remain the exclusive property of each party. | The response as a whole is supported by the documents. The first sentence in the response is supported by the fact that there is no clause providing for joint or shared ownership of intellectual property between the parties to the contract. The second sentence in the response is supported by section 0jb, which states that the parties have requested that the agreement be written in the English language, and that this does not imply joint or shared ownership of intellectual property.""}",
"NETGEAR,INC_04_21_2003-EX-10.16-DISTRIBUTOR AGREEMENT__Competitive Restriction Exception","This category includes the exceptions or carveouts to Non-Compete, Exclusivity and No-Solicit of Customers above.","Based on the provided context, the exceptions or carveouts to Non-Compete, Exclusivity, and No-Solicit of Customers are:

1. Resellers who procure Products at centralized locations for resale to end-use customers solely through their wholly or majority owned retail outlets, both store-front and catalog.","[['0ej', '0ek', '0el', '0em', '0en', '0eo', '0ep', '0eq', '0er'], ['0hy', '0hz', '0ia', '0ib', '0ic', '0id', '0ie', '0if', '0ig', '0ih'], ['0w', '0x', '0y', '0z', '0aa', '0ab', '0ac', '0ad', '0ae'], ['0hi', '0hj', '0hk', '0hl', '0hm', '0hn', '0ho', '0hp'], ['0q', '0r', '0s', '0t', '0u', '0v', '0w']]",0.011583011583011582,0.007722007722007722,0.6666666666666666,True,0.23938223938223938,0.007722007722007722,0.03225806451612903,1,"{""all_relevant_sentence_keys"": [""0ei"", ""0w"", ""0hi"", ""0hk"", ""0es"", ""0hq"", ""0hw"", ""0ht"", ""0hx"", ""0x"", ""0ic"", ""0eh"", ""0in"", ""0hf"", ""0hl"", ""0ia"", ""0ip"", ""0ik"", ""0hd"", ""0if"", ""0ij"", ""0er"", ""0iw"", ""0hg"", ""0hu"", ""0hm"", ""0hj"", ""0ii"", ""0hn"", ""0is"", ""0iv"", ""0hv"", ""0im"", ""0hh"", ""0iu"", ""0ig"", ""0hy"", ""0il"", ""0hb"", ""0eq"", ""0iq"", ""0hp"", ""0hr"", ""0em"", ""0en"", ""0ir"", ""0eo"", ""0hc"", ""0hz"", ""0ep"", ""0he"", ""0ib"", ""0el"", ""0ie"", ""0ih"", ""0id"", ""0io"", ""0iy"", ""0hs"", ""0ix"", ""0ho"", ""0it""], ""all_utilized_sentence_keys"": [""0w"", ""0x""], ""sentence_support_information"": [{""response_sentence_key"": ""a"", ""explanation"": ""The sentence is supported by the text in the documents, specifically sentences 0w and 0x."", ""supporting_sentence_keys"": [""0w"", ""0x""], ""fully_supported"": true}], ""overall_supported"": true, ""relevance_explanation"": ""Document 0 contains useful information for answering the question, specifically the section on exceptions or carveouts to Non-Compete, Exclusivity, and No-Solicit of Customers. | Document 0 contains useful information for answering the question, specifically sections related to Distributor's responsibilities and restrictions. | The document 'INGRAM NETGEAR Distributor Agreement' contains useful information for answering the question."", ""overall_supported_explanation"": ""The response claims that the exceptions or carveouts to Non-Compete, Exclusivity, and No-Solicit of Customers are resellers who procure Products at centralized locations for resale to end-use customers solely through their wholly or majority owned retail outlets, both store-front and catalog. This claim is supported by sentence 0w, which states that NETGEAR reserves the right to sell or license Products in the Territory to customers other than distributors such as, but not limited to resellers who procure Products at centralized locations for resale to end-use customers solely through their wholly or majority owned retail outlets, both store-front and catalog. Additionally, sentence 0x states that following the initial one (1) year term, for any extension or renewal term, Distributor's appointment as Distributor shall be non-exclusive and NETGEAR may appoint other distributors in the Territory at its sole discretion, which supports the claim that the exceptions or carveouts are not limited to resellers. | The response as a whole is not supported by the documents. The response claims that the exceptions or carveouts to Non-Compete, Exclusivity, and No-Solicit of Customers are related to resellers who procure Products at centralized locations for resale to end-use customers solely through their wholly or majority owned retail outlets, both store-front and catalog. However, the documents do not provide any information that supports this specific claim. The documents do provide information about Distributor's responsibilities and restrictions, but this information is not directly related to the exceptions or carveouts mentioned in the response. | The response is not supported by the documents because the sentence 'Resellers who procure Products at centralized locations for resale to end-use customers solely through their wholly or majority owned retail outlets, both store-front and catalog.' is not supported by the documents.""}",
"MARSHALLHOLDINGSINTERNATIONAL,INC_04_14_2004-EX-10.15-ENDORSEMENT AGREEMENT__Parties",The two or more parties who signed the contract,The two or more parties who signed the contract are The Right Solution (A Nevada Corporation) and Bruce Jenner (Independent Contractor/CELEBRITY).,"[['0z', '0aa', '0ab', '0ac', '0ad', '0ae', '0af', '0ag', '0ah'], ['0bq', '0br', '0bs', '0bt', '0bu', '0bv', '0bw'], ['0ap', '0aq', '0ar', '0as', '0at', '0au'], ['0au', '0av', '0aw', '0ax', '0ay', '0az', '0ba', '0bb', '0bc', '0bd', '0be'], ['0bl', '0bm', '0bn', '0bo', '0bp', '0bq']]",0.04,0.04,1.0,True,0.013333333333333334,0.013333333333333334,1.0,1,"{""all_relevant_sentence_keys"": [""0bv""], ""all_utilized_sentence_keys"": [""0bv""], ""sentence_support_information"": [{""response_sentence_key"": ""a"", ""explanation"": ""The sentence is supported by the documents because it correctly identifies the two parties who signed the contract."", ""supporting_sentence_keys"": [""0bv""], ""fully_supported"": true}], ""overall_supported"": true, ""relevance_explanation"": ""Document 0 contains useful information for answering the question."", ""overall_supported_explanation"": ""The response is supported by the documents because it correctly identifies the two parties who signed the contract. The sentence 'The two or more parties who signed the contract are The Right Solution (A Nevada Corporation) and Bruce Jenner (Independent Contractor/CELEBRITY).' is supported by the sentence 'The COMPANY                         CELEBRITY      The Right Solution                  Bruce Jenner      A Nevada Corporation                Independent Contractor/COMPANY' in the documents.""}",
NUVEEN - REMARKETING AGREEMENT__Notice Period To Terminate Renewal,What is the notice period required to terminate renewal?,"The notice period is not explicitly mentioned in the provided context. However, it is mentioned that the Remarketing Agent may terminate this Agreement if any of the conditions referred to or set forth in Section 8 have not been met or satisfied in full and such failure shall have continued for a period of 30 days after the Remarketing Agent has given notice thereof to the Fund specifying the condition which has not been met and requiring it to be met.","[['0fg', '0fh'], ['0hn', '0ho', '0hp', '0hq'], ['0a', '0b', '0c', '0d', '0e', '0f', '0g', '0h', '0i', '0j', '0k', '0l', '0m', '0n', '0o', '0p', '0q', '0r', '0s', '0t', '0u', '0v', '0w'], ['0hd', '0he', '0hf'], ['0w', '0x', '0y', '0z', '0aa', '0ab', '0ac', '0ad', '0ae', '0af', '0ag', '0ah', '0ai', '0aj', '0ak', '0al']]",0.006269592476489028,0.006269592476489028,1.0,True,0.15673981191222572,0.02821316614420063,0.14,0,"{""all_relevant_sentence_keys"": [""0la"", ""0dw."", ""0fg.(a)"", ""0ky"", ""0a."", ""0ci"", ""0cj"", ""0cb"", ""0cr"", ""0bw"", ""0ce"", ""0cm"", ""0ap"", ""0aq"", ""0eb."", ""0eg."", ""0fi"", ""0lb"", ""0ed."", ""0kz"", ""0cg"", ""0kw"", ""0cc"", ""0by"", ""0ck"", ""0kx"", ""0ca"", ""0ej."", ""0cn"", ""0ee."", ""0b."", ""0ef."", ""0cq"", ""0dx."", ""0cp"", ""0bv"", ""0an"", ""0bz"", ""0ch"", ""0cf"", ""0kv"", ""0bt"", ""0eh."", ""0ec."", ""0dy."", ""0bx"", ""0bu"", ""0fh"", ""0cl"", ""0cd""], ""all_utilized_sentence_keys"": [""0an"", ""0ei."", ""0fg.(a)"", ""0fi"", ""0b."", ""0a."", ""0eh."", ""0fh"", ""0o""], ""sentence_support_information"": [{""response_sentence_key"": ""a"", ""explanation"": ""The sentence is supported because it is a correct statement about the lack of explicit mention of the notice period in the provided context."", ""supporting_sentence_keys"": [""0an"", ""supported_without_sentence"", ""0kw"", ""0fi"", ""0kv""], ""fully_supported"": true}, {""response_sentence_key"": ""b"", ""explanation"": ""The sentence is partially supported because it mentions a condition that can lead to termination of the agreement, but it does not directly answer the question about the notice period required to terminate renewal."", ""supporting_sentence_keys"": [""0eh."", ""0fh"", ""0o""], ""fully_supported"": true}, {""response_sentence_key"": ""a."", ""explanation"": ""The sentence is supported because it is a correct statement about the lack of explicit mention of the notice period in the provided context."", ""supporting_sentence_keys"": [""0ei.""], ""fully_supported"": true}, {""response_sentence_key"": ""b."", ""explanation"": ""The sentence is not supported because it incorrectly states that the Remarketing Agent may terminate this Agreement if any of the conditions referred to or set forth in Section 8 have not been met or satisfied in full and such failure shall have continued for a period of 30 days after the Remarketing Agent has given notice thereof to the Fund specifying the condition which has not been met and requiring it to be met."", ""supporting_sentence_keys"": [""0fg.(a)""], ""fully_supported"": false}], ""overall_supported"": false, ""relevance_explanation"": ""Document 0 contains useful information for answering the question. | The documents contain useful information for answering the question, specifically Section 8, which discusses the conditions to obligations of the Remarketing Agent. | Document 0 contains useful information for answering the question. | Document 0 contains useful information for answering the question. | The documents provided contain useful information for answering the question, specifically Document 0, which discusses the terms and conditions of the Remarketing Notice and the Supplement."", ""overall_supported_explanation"": ""The response as a whole is partially supported by the documents. The first sentence is supported because it is a correct statement about the lack of explicit mention of the notice period in the provided context. The second sentence is partially supported because it mentions a condition that can lead to termination of the agreement, but it does not directly answer the question about the notice period required to terminate renewal. | The response as a whole is not supported by the documents. The first sentence claims that the notice period is not explicitly mentioned in the provided context, which is true. However, the second sentence claims that the Remarketing Agent may terminate this Agreement if any of the conditions referred to or set forth in Section 8 have not been met or satisfied in full and such failure shall have continued for a period of 30 days after the Remarketing Agent has given notice thereof to the Fund specifying the condition which has not been met and requiring it to be met. This is partially supported by the documents, as Section 8 does mention the conditions to obligations of the Remarketing Agent, but it does not explicitly mention the notice period required to terminate renewal. | The response as a whole is not supported by the documents. The first sentence is supported because it is a correct statement about the lack of explicit mention of the notice period in the provided context. The second sentence is not supported because it incorrectly states that the Remarketing Agent may terminate this Agreement if any of the conditions referred to or set forth in Section 8 have not been met or satisfied in full and such failure shall have continued for a period of 30 days after the Remarketing Agent has given notice thereof to the Fund specifying the condition which has not been met and requiring it to be met. This is incorrect because Section 8 is not mentioned in the provided context, and the relevant information is actually found in Section 10. | The response as a whole is partially supported by the documents. The first sentence is supported by the documents, as it correctly states that the notice period is not explicitly mentioned in the provided context. The second sentence is also supported by the documents, as it correctly states that the Remarketing Agent may terminate this Agreement if any of the conditions referred to or set forth in Section 8 have not been met or satisfied in full and such failure shall have continued for a period of 30 days after the Remarketing Agent has given notice thereof to the Fund specifying the condition which has not been met and requiring it to be met. | The response as a whole is not supported by the documents. The first sentence in the response is correct in stating that the notice period is not explicitly mentioned in the provided context. However, the second sentence in the response is not supported by the documents. The documents do not mention the Remarketing Agent terminating the Agreement due to a condition not being met, nor do they specify a notice period for terminating renewal.""}",
SteelVaultCorp_20081224_10-K_EX-10.16_3074935_EX-10.16_Affiliate Agreement__Affiliate License-Licensor,Does the contract contain a license grant by affiliates of the licensor or that includes intellectual property of affiliates of the licensor? ,"No, the contract does not contain a license grant by affiliates of the licensor or that includes intellectual property of affiliates of the licensor.","[['0a', '0b', '0c', '0d', '0e', '0f', '0g'], ['0p', '0q', '0r', '0s', '0t', '0u', '0v', '0w'], ['0bq', '0br', '0bs', '0bt', '0bu', '0bv', '0bw', '0bx', '0by'], ['0g', '0h', '0i', '0j', '0k', '0l', '0m', '0n', '0o', '0p'], ['0cf', '0cg', '0ch']]",1.0,0.009433962264150943,0.009433962264150943,False,0.7924528301886793,0.03773584905660377,0.047619047619047616,1,"{""all_relevant_sentence_keys"": [""0az"", ""0z"", ""0ci"", ""0h"", ""0cu"", ""0ai"", ""0aa"", ""0aq"", ""0m"", ""0cc"", ""0bg"", ""0v"", ""0bf"", ""0bs"", ""0bb"", ""0an"", ""0ch"", ""0g"", ""0bt"", ""0aj"", ""0bd"", ""0ag"", ""0ae"", ""0ct"", ""0w"", ""0r"", ""0bo"", ""0x"", ""0bp"", ""0ab"", ""0ah"", ""0e"", ""0p"", ""0ax"", ""0cv"", ""0am"", ""0bv"", ""0bl"", ""0bz"", ""0be"", ""0k"", ""0bj"", ""0t"", ""0cb"", ""0aw"", ""0ce"", ""0ap"", ""0bm"", ""0al"", ""0o"", ""0bk"", ""0bi"", ""0j"", ""0bn"", ""0ac"", ""0n"", ""0at"", ""0ar"", ""0au"", ""0bh"", ""0q"", ""0ao"", ""0u"", ""0av"", ""0bu"", ""0f"", ""0cd"", ""0d"", ""0ad"", ""0ba"", ""0cg"", ""0as"", ""0y"", ""0l"", ""0bq"", ""0ca"", ""0bc"", ""0i"", ""0cf"", ""0ay"", ""0af"", ""0s"", ""0ak"", ""0br""], ""all_utilized_sentence_keys"": [""0ct"", ""0cv"", ""0cu"", ""0ci""], ""sentence_support_information"": [{""response_sentence_key"": ""a"", ""explanation"": ""The sentence is making a definitive statement about the absence of a license grant by affiliates of the licensor or that includes intellectual property of affiliates of the licensor, but the documents do not provide any information about such a license grant or intellectual property."", ""supporting_sentence_keys"": [""0ct"", ""0cv"", ""0cu"", ""0ci""], ""fully_supported"": true}], ""overall_supported"": true, ""relevance_explanation"": ""The contract contains useful information for answering the question, specifically the terms and conditions of the agreement. | The document contains useful information for answering the question, specifically the terms and conditions of the agreement between Equidata and National Credit Report LLC."", ""overall_supported_explanation"": ""The response is not supported by the documents because it makes a definitive statement about the absence of a license grant by affiliates of the licensor or that includes intellectual property of affiliates of the licensor, but the documents do not provide any information about such a license grant or intellectual property. | The response as a whole is supported by the documents because it accurately reflects the terms and conditions of the agreement between Equidata and National Credit Report LLC. The response correctly states that the contract does not contain a license grant by affiliates of the licensor or that includes intellectual property of affiliates of the licensor.""}",
EcoScienceSolutionsInc_20180406_8-K_EX-10.1_11135398_EX-10.1_Sponsorship Agreement__Volume Restriction,"Is there a fee increase or consent requirement, etc. if one party’s use of the product/services exceeds certain threshold?",There is no information in the provided context about a fee increase or consent requirement if one party's use of the product/services exceeds a certain threshold.,"[['0t', '0u', '0v', '0w', '0x', '0y', '0z', '0aa', '0ab', '0ac', '0ad', '0ae'], ['0n', '0o', '0p', '0q', '0r', '0s', '0t'], ['0j', '0k', '0l', '0m', '0n'], ['0d', '0e', '0f', '0g', '0h', '0i', '0j'], ['0ae', '0af', '0ag', '0ah', '0ai', '0aj', '0ak', '0al', '0am']]",0.3541666666666667,0.0625,0.17647058823529413,True,0.08333333333333333,0.020833333333333332,0.25,1,"{""all_relevant_sentence_keys"": [""0m"", ""0l"", ""0b"", ""0n""], ""all_utilized_sentence_keys"": [""0n""], ""sentence_support_information"": [{""response_sentence_key"": ""a"", ""explanation"": ""The sentence is supported by the documents because it correctly states that there is no information in the provided context about a fee increase or consent requirement if one party's use of the product/services exceeds a certain threshold."", ""supporting_sentence_keys"": [""0n""], ""fully_supported"": true}], ""overall_supported"": true, ""relevance_explanation"": ""Document 0 contains useful information for answering the question."", ""overall_supported_explanation"": ""The response is supported by the documents because it correctly states that there is no information in the provided context about a fee increase or consent requirement if one party's use of the product/services exceeds a certain threshold. This is supported by sentence 0n, which states that the attendance and marketing reach estimates made in negotiations were made for the purposes of this agreement and are not to be interpreted as guarantees.""}",
HPILHOLDING_01_07_2015-EX-99.1-COOPERATION AGREEMENT__Parties,The two or more parties who signed the contract,"The two parties who signed the contract are:

1. GINARES GROUP AG, a private company domiciled in Switzerland, represented by Peter Zu Sayn-Wittgenstein, President and CEO.
2. HPIL ENERGYTECH Inc., a Nevada (USA) corporation, represented by Louis Bertoli, President and CEO.","[['0ar', '0as', '0at', '0au', '0av'], ['0cm', '0cn', '0co', '0cp', '0cq', '0cr', '0cs', '0ct'], ['0ct', '0cu', '0cv', '0cw', '0cx', '0cy', '0cz', '0da', '0db', '0dc'], ['0a', '0b', '0c', '0d', '0e', '0f', '0g', '0h', '0i', '0j', '0k', '0l', '0m', '0n', '0o', '0p', '0q', '0r', '0s'], ['0ak', '0al', '0am', '0an', '0ao', '0ap', '0aq', '0ar']]",0.12149532710280374,0.08411214953271028,0.6923076923076923,True,0.11214953271028037,0.11214953271028037,1.0,1,"{""all_relevant_sentence_keys"": [""0aa"", ""0ad"", ""0ab"", ""0da"", ""0db"", ""0ac"", ""0z"", ""0af"", ""0ah"", ""0ag"", ""0cx"", ""0cy""], ""all_utilized_sentence_keys"": [""0aa"", ""0ad"", ""0ab"", ""0da"", ""0db"", ""0ac"", ""0z"", ""0af"", ""0ah"", ""0ag"", ""0cx"", ""0cy""], ""sentence_support_information"": [{""response_sentence_key"": ""a"", ""explanation"": ""The response is supported by the documents because it accurately identifies the two parties who signed the contract."", ""supporting_sentence_keys"": [""0aa"", ""0ab"", ""0da"", ""0db"", ""0ac"", ""0af"", ""0ah"", ""0ag"", ""0cx"", ""0cy""], ""fully_supported"": true}, {""response_sentence_key"": ""b"", ""explanation"": ""The response is supported by the documents because it correctly identifies the representative of GINARES."", ""supporting_sentence_keys"": [""0cy"", ""0af"", ""0cx""], ""fully_supported"": true}, {""response_sentence_key"": ""c"", ""explanation"": ""The response is supported by the documents because it correctly identifies the representative of HPIL ET."", ""supporting_sentence_keys"": [""0ad""], ""fully_supported"": true}, {""response_sentence_key"": ""d"", ""explanation"": ""The response is supported by the documents because it correctly identifies the name of the corporation."", ""supporting_sentence_keys"": [""0da"", ""0db"", ""0z""], ""fully_supported"": true}], ""overall_supported"": true, ""relevance_explanation"": ""Document 0 contains useful information for answering the question. | Document 0 contains useful information for answering the question, specifically the section where the parties who signed the contract are mentioned."", ""overall_supported_explanation"": ""The response is supported by the documents because it accurately identifies the two parties who signed the contract. The response is based on the recitals in the contract, which provide information about the parties involved. The recitals mention HPIL ET and GINARES, and provide details about their roles and responsibilities. The response also correctly identifies the representatives of the parties, which is supported by the contract. | The response as a whole is supported by the documents. The response correctly identifies the two parties who signed the contract, GINARES GROUP AG and HPIL ENERGYTECH Inc., as mentioned in the documents. The response also correctly identifies the representatives of these parties, Peter Zu Sayn-Wittgenstein and Louis Bertoli, as mentioned in the documents.""}",
ConformisInc_20191101_10-Q_EX-10.6_11861402_EX-10.6_Development Agreement__Uncapped Liability,Is a party’s liability uncapped upon the breach of its obligation in the contract? This also includes uncap liability for a particular type of breach such as IP infringement or breach of confidentiality obligation.,"No, a party's liability is not entirely uncapped upon the breach of its obligation in the contract. According to Section 7.2, ""EXCEPT FOR [**], IN NO EVENT WILL EITHER PARTY BE LIABLE TO THE OTHER PARTY FOR [**], EVEN IF SUCH PARTY WAS ADVISED OR AWARE OF THE POSSIBILITY OF SUCH DAMAGES."" This suggests that there are exceptions to the limitation of liability, but the general rule is that liability is capped.

Additionally, Section 7.3(A)(IV) provides a specific cap on Conformis' liability on a per occurrence basis, which shall not exceed the greater of (I) $[**] and (II) the amount of insurance coverage actually paid to Conformis under then-current insurance policies of Conformis in respect of such damages.

However, it is not explicitly stated that liability is capped for a particular type of breach such as IP infringement or breach of confidentiality obligation.","[['0gc', '0gd', '0ge', '0gf', '0gg', '0gh', '0gi', '0gj'], ['0hu', '0hv'], ['0ff', '0fg', '0fh', '0fi', '0fj', '0fk', '0fl', '0fm', '0fn', '0fo'], ['0gu', '0gv', '0gw', '0gx', '0gy', '0gz'], ['0hb', '0hc', '0hd', '0he', '0hf']]",0.02112676056338028,0.02112676056338028,1.0,True,0.4894366197183099,0.056338028169014086,0.11510791366906475,1,"{""all_relevant_sentence_keys"": [""0az"", ""0z"", ""0ga"", ""0h"", ""0hf"", ""0hl"", ""0bw"", ""0ai"", ""0aa"", ""0aq"", ""0ds"", ""0hm"", ""0m"", ""0gf"", ""0gb"", ""0dx"", ""0hn"", ""0dm"", ""0bg"", ""0v"", ""0b"", ""0bf"", ""0dz"", ""0dj"", ""0gs"", ""0bs"", ""0hp"", ""0gt"", ""0bb"", ""0dp"", ""0an"", ""0g"", ""0gg"", ""0bt"", ""0aj"", ""0bd"", ""0ag"", ""0ae"", ""0ho"", ""0w"", ""0r"", ""0bo"", ""0x"", ""0bp"", ""0gi"", ""0gd"", ""0dk"", ""0ge"", ""0ab"", ""0ah"", ""0gl"", ""0e"", ""0p"", ""0dt"", ""0hb"", ""0ax"", ""0de"", ""0dv"", ""0am"", ""0gw"", ""0bv"", ""0bl"", ""0bz"", ""0he"", ""0be"", ""0gm"", ""0k"", ""0bj"", ""0hi"", ""0t"", ""0a"", ""0db"", ""0aw"", ""0hd"", ""0ap"", ""0dd"", ""0dy"", ""0hg"", ""0bm"", ""0hj"", ""0by"", ""0al"", ""0o"", ""0bk"", ""0bi"", ""0j"", ""0bn"", ""0gh"", ""0ac"", ""0n"", ""0at"", ""0dc"", ""0ar"", ""0ha"", ""0au"", ""0bh"", ""0gv"", ""0q"", ""0dr"", ""0ao"", ""0do"", ""0dw"", ""0dg"", ""0dl"", ""0gk"", ""0u"", ""0av"", ""0dq"", ""0bu"", ""0f"", ""0c"", ""0dn"", ""0gj"", ""0gx"", ""0d"", ""0ad"", ""0dh"", ""0gc"", ""0ba"", ""0as"", ""0y"", ""0l"", ""0bq"", ""0ca"", ""0gr"", ""0bc"", ""0df"", ""0hc"", ""0i"", ""0di"", ""0da"", ""0du"", ""0ay"", ""0gp"", ""0af"", ""0s"", ""0ak"", ""0bx"", ""0br""], ""all_utilized_sentence_keys"": [""0ge"", ""0j"", ""0i"", ""0gf"", ""0gh"", ""0gb"", ""0gg"", ""0gc"", ""0ga"", ""0gi"", ""0gk"", ""0gj"", ""0gl"", ""0gs"", ""0bx"", ""0gd""], ""sentence_support_information"": [{""response_sentence_key"": ""a"", ""explanation"": ""The sentence is a general statement that is consistent with the overall tone of the documents."", ""supporting_sentence_keys"": [""0ge"", ""0i"", ""0gl"", ""0gk""], ""fully_supported"": true}, {""response_sentence_key"": ""b"", ""explanation"": ""The sentence is supported because it quotes a relevant section of the documents."", ""supporting_sentence_keys"": [""0ge"", ""0j"", ""0ds""], ""fully_supported"": true}, {""response_sentence_key"": ""c"", ""explanation"": ""The sentence is supported because it quotes another relevant section of the documents."", ""supporting_sentence_keys"": [""0gf"", ""0bx"", ""0gs""], ""fully_supported"": true}, {""response_sentence_key"": ""d"", ""explanation"": ""The sentence is not supported because it makes a claim that is not explicitly stated in the documents."", ""supporting_sentence_keys"": [""0dl""], ""fully_supported"": true}], ""overall_supported"": true, ""relevance_explanation"": ""The documents contain useful information for answering the question because they discuss the terms and conditions of a development agreement between Stryker and Conformis, including liability and intellectual property rights. Specifically, the Asset Purchase Agreement and the Development Agreement are relevant to the question. | The documents provided contain useful information for answering the question, specifically the contract between Conformis and Stryker. The contract outlines the terms and conditions of their agreement, including liability and intellectual property rights. | The documents contain useful information for answering the question because they discuss the terms of a contract between Conformis and Stryker, including liability and indemnification provisions. | Document 0 contains useful information for answering the question, specifically sections related to liability and indemnification."", ""overall_supported_explanation"": ""The response is partially supported by the documents. The first sentence is supported because it is a general statement that is consistent with the overall tone of the documents. The second sentence is supported because it quotes a relevant section of the documents. The third sentence is supported because it quotes another relevant section of the documents. However, the fourth sentence is not supported because it makes a claim that is not explicitly stated in the documents. | The response as a whole is not supported by the documents. The response claims that a party's liability is not entirely uncapped upon the breach of its obligation in the contract, but the documents do not explicitly state this. Section 7.2 of the contract does mention a limitation of liability, but it does not provide a clear answer to the question. Additionally, the response claims that it is not explicitly stated that liability is capped for a particular type of breach such as IP infringement or breach of confidentiality obligation, which is correct. However, the response also claims that Section 7.3(A)(IV) provides a specific cap on Conformis' liability on a per occurrence basis, but this section is not present in the provided documents. | The response is partially supported by the documents. The response correctly states that liability is capped in general, citing Section 7.2. However, it incorrectly states that liability is not capped for a particular type of breach such as IP infringement or breach of confidentiality obligation, as Section 7.3(A)(IV) provides a specific cap on Conformis' liability on a per occurrence basis. | The response is partially supported by the documents. The first sentence is supported by the general tone of the contract, which suggests that liability is capped. However, the second sentence is not supported by the documents, as Section 7.2 is not present in the contract. The third sentence is supported by Section 7.3(A)(IV), which provides a specific cap on Conformis' liability. The fourth sentence is not supported by the documents, as there is no explicit statement regarding liability for a particular type of breach.""}",
InvendaCorp_20000828_S-1A_EX-10.2_2588206_EX-10.2_Co-Branding Agreement__Notice Period To Terminate Renewal,What is the notice period required to terminate renewal?,"The notice period required to terminate the Agreement is not explicitly stated for renewal. However, the notice period for termination is specified in various sections, including 30 days for certain breaches, 28 days for a ""Cure Period,"" and 90 days for termination due to a transaction involving a majority of Application Provider's assets being merged, acquired, or sold to an Excite@Home Named Competitor.","[['0lc', '0ld', '0le', '0lf', '0lg', '0lh', '0li', '0lj', '0lk', '0ll', '0lm', '0ln'], ['0lu', '0lv', '0lw', '0lx', '0ly'], ['0ki', '0kj', '0kk', '0kl', '0km', '0kn', '0ko'], ['0ky', '0kz', '0la', '0lb', '0lc'], ['0ly', '0lz', '0ma', '0mb', '0mc', '0md', '0me', '0mf', '0mg']]",0.014608233731739707,0.0026560424966799467,0.18181818181818182,False,0.34130146082337315,0.027888446215139442,0.07782101167315175,0,"{""all_relevant_sentence_keys"": [""0abe"", ""0aad"", ""0pm"", ""0eh"", ""0aaq"", ""0ci"", ""0pk"", ""0po"", ""0hf"", ""0hl"", ""0ph"", ""0abl"", ""0fk"", ""0abm"", ""0fg"", ""0aac"", ""0er"", ""0ds"", ""0zu"", ""0fa"", ""0hm"", ""0aai"", ""0aby"", ""0abv"", ""0dx"", ""0hn"", ""0jj"", ""0fs"", ""0dm"", ""0jd"", ""0hv"", ""0je"", ""0aay"", ""0ex"", ""0il"", ""0aat"", ""0eq"", ""0dz"", ""0dj"", ""0jb"", ""0aav"", ""0fz"", ""0ee"", ""0gs"", ""0hp"", ""0ow"", ""0aag"", ""0abo"", ""0abg"", ""0en"", ""0gt"", ""0eo"", ""0ir"", ""0gq"", ""0pi"", ""0dp"", ""0aaj"", ""0ef"", ""0qh"", ""0ch"", ""0eg"", ""0fo"", ""0jq"", ""0ot"", ""0ox"", ""0fd"", ""0os"", ""0pw"", ""0js"", ""0pl"", ""0hs"", ""0jm"", ""0tu"", ""0aap"", ""0ix"", ""0fh"", ""0ho"", ""0ei"", ""0jl"", ""0hk"", ""0abh"", ""0aas"", ""0hq"", ""0aam"", ""0fv"", ""0ps"", ""0ft"", ""0et"", ""0ik"", ""0pa"", ""0if"", ""0abw"", ""0px"", ""0dk"", ""0qc"", ""0hu"", ""0abk"", ""0abt"", ""0ov"", ""0gz"", ""0aan"", ""0gl"", ""0aaa"", ""0qk"", ""0qi"", ""0fp"", ""0pv"", ""0aae"", ""0im"", ""0ck"", ""0dt"", ""0ej"", ""0fb"", ""0abd"", ""0hb"", ""0aba"", ""0eu"", ""0py"", ""0jr"", ""0qa"", ""0gu"", ""0hr"", ""0em"", ""0aax"", ""0dv"", ""0gw"", ""0abf"", ""0jp"", ""0abs"", ""0he"", ""0fl"", ""0el"", ""0pr"", ""0qt"", ""0qb"", ""0aaz"", ""0id"", ""0aaf"", ""0oy"", ""0it"", ""0hi"", ""0es"", ""0aak"", ""0ea"", ""0fq"", ""0ht"", ""0zx"", ""0db"", ""0ia"", ""0abp"", ""0hd"", ""0ij"", ""0pu"", ""0dd"", ""0aal"", ""0dy"", ""0hg"", ""0iw"", ""0abb"", ""0fi"", ""0hj"", ""0ff"", ""0jc"", ""0abu"", ""0pb"", ""0aaw"", ""0ed"", ""0iv"", ""0fe"", ""0hh"", ""0iu"", ""0jn"", ""0ig"", ""0hy"", ""0abx"", ""0dc"", ""0iz"", ""0iq"", ""0jf"", ""0pz"", ""0eb"", ""0fr"", ""0ha"", ""0qd"", ""0gv"", ""0jh"", ""0pn"", ""0zs"", ""0dr"", ""0zy"", ""0hz"", ""0abr"", ""0ib"", ""0do"", ""0ie"", ""0dw"", ""0aar"", ""0dl"", ""0gk"", ""0dq"", ""0fu"", ""0io"", ""0iy"", ""0abc"", ""0ec"", ""0pq"", ""0aao"", ""0ic"", ""0or"", ""0in"", ""0pt"", ""0cj"", ""0ou"", ""0zz"", ""0dn"", ""0tx"", ""0qj"", ""0ip"", ""0fm"", ""0ez"", ""0gx"", ""0tv"", ""0qf"", ""0dh"", ""0cg"", ""0ii"", ""0abj"", ""0ji"", ""0is"", ""0fn"", ""0ev"", ""0gr"", ""0gy"", ""0fc"", ""0ja"", ""0jk"", ""0pc"", ""0abn"", ""0aah"", ""0abq"", ""0fj"", ""0df"", ""0qg"", ""0ey"", ""0hc"", ""0jo"", ""0ep"", ""0aau"", ""0di"", ""0ek"", ""0du"", ""0ew"", ""0jg"", ""0abi"", ""0ih"", ""0aab"", ""0cl""], ""all_utilized_sentence_keys"": [""0db"", ""0a"", ""0tx"", ""0dd"", ""0tv"", ""0dh"", ""0cg"", ""0gl"", ""0gr"", ""0dc"", ""0gs"", ""0gu"", ""0gv"", ""0gt"", ""0gw"", ""0df"", ""0gq"", ""0di"", ""0qt"", ""0gk"", ""0tu""], ""sentence_support_information"": [{""response_sentence_key"": ""a"", ""explanation"": ""The sentence is supported because it is a correct statement about the question."", ""supporting_sentence_keys"": [""0gv"", ""0qt"", ""0gr"", ""0db"", ""0a"", ""0cg"", ""0gk"", ""0gl"", ""0gs"", ""0gu"", ""0gt"", ""0gw"", ""0gq""], ""fully_supported"": true}, {""response_sentence_key"": ""b"", ""explanation"": ""The sentence is not supported because it mentions various notice periods for termination, but not for renewal."", ""supporting_sentence_keys"": [""0pq"", ""0pm"", ""0ps"", ""0or"", ""0pt"", ""0ou"", ""0pk"", ""0po"", ""0ph"", ""0qj"", ""0pa"", ""0px"", ""0pu"", ""0qc"", ""0dd"", ""0qf"", ""0dh"", ""0ov"", ""0gl"", ""0pb"", ""0qi"", ""0pv"", ""0gr"", ""0py"", ""0dc"", ""0pz"", ""0qa"", ""0gs"", ""0gu"", ""0ow"", ""0pc"", ""0qd"", ""0gv"", ""0gt"", ""0df"", ""0gw"", ""0gq"", ""0pn"", ""0pi"", ""0qg"", ""0qh"", ""0ox"", ""0ot"", ""0di"", ""0pr"", ""0os"", ""0pw"", ""0qb"", ""0pl"", ""0gk"", ""0oy""], ""fully_supported"": false}], ""overall_supported"": false, ""relevance_explanation"": ""The documents INVENDA CORP, S-1/A, 8/28/2000 contain useful information for answering the question. | Document 0 contains useful information for answering the question, specifically sections related to termination and notice periods. | Document 0 contains useful information for answering the question. | The documents contain useful information for answering the question because they describe the terms and conditions of the Agreement, including the notice period for termination. Specifically, Document 0 contains information about the notice period for termination due to a transaction involving a majority of Application Provider's assets being merged, acquired, or sold to an Excite@Home Named Competitor. | Document 0 and Document 1 contain useful information for answering the question. Document 0 contains information about the notice period for termination, while Document 1 contains information about the notice period for termination and the general structure of the agreement. | Document 0 contains useful information for answering the question, specifically the sections related to maintenance and technical support standards."", ""overall_supported_explanation"": ""The response as a whole is not supported by the documents. The first sentence is supported because it is a correct statement about the question. The second sentence is not supported because it mentions various notice periods for termination, but not for renewal. | The response is partially supported by the documents. The first sentence is supported because it is a correct statement that the notice period for termination is not explicitly stated for renewal. The second sentence is partially supported because it mentions various notice periods for termination, but it does not mention the notice period for termination renewal. | The response is partially supported by the documents. The first sentence is supported because it is a correct statement that the notice period is not explicitly stated for renewal. The second sentence is partially supported because it mentions the notice period for termination, but it does not provide any information about the notice period for renewal. | The response is not supported by the documents because it claims that the notice period required to terminate the Agreement is not explicitly stated for renewal, but then goes on to mention various notice periods for termination in other sections. However, none of these notice periods are relevant to the question of terminating renewal. The response also fails to mention the notice period for terminating renewal, which is not explicitly stated in the documents. | The response as a whole is not supported by the documents. The first sentence claims that the notice period required to terminate the Agreement is not explicitly stated for renewal. This is supported by the documents, as there is no explicit mention of a notice period for renewal in Document 0. However, the second sentence claims that the notice period for termination is specified in various sections, including 30 days for certain breaches, 28 days for a 'Cure Period', and 90 days for termination due to a transaction involving a majority of Application Provider's assets being merged, acquired, or sold to an Excite@Home Named Competitor. This is not supported by the documents, as there is no mention of these specific notice periods in Document 0. | The response as a whole is not supported by the documents because it claims that the notice period required to terminate the Agreement is not explicitly stated for renewal, but then goes on to mention various notice periods for termination in other sections. However, none of these notice periods are related to renewal, and the response does not provide any information about the notice period required to terminate a renewal.""}",
GlobalTechnologiesGroupInc_20050928_10KSB_EX-10.9_4148808_EX-10.9_Content License Agreement__Insurance,Is there a requirement for insurance that must be maintained by one party for the benefit of the counterparty?,There is no explicit requirement for insurance to be maintained by one party for the benefit of the counterparty in the provided context.,"[['0fp', '0fq', '0fr', '0fs', '0ft', '0fu'], ['0fh', '0fi'], ['0gt', '0gu', '0gv', '0gw', '0gx', '0gy', '0gz', '0ha', '0hb', '0hc', '0hd', '0he'], ['0go', '0gp', '0gq', '0gr', '0gs', '0gt'], ['0gh', '0gi', '0gj', '0gk', '0gl', '0gm', '0gn', '0go']]",0.0,0.0,1.0,True,0.22868217054263565,0.0,0.0,1,"{""all_relevant_sentence_keys"": [""0ei"", ""0es"", ""0ea"", ""0fv"", ""0ft"", ""0eh"", ""0fh"", ""0et"", ""0fk"", ""0fm"", ""0ez"", ""0fg"", ""0dk"", ""0er"", ""0dy"", ""0ds"", ""0fa"", ""0fi"", ""0ff"", ""0dx"", ""0fp"", ""0ed"", ""0fe"", ""0dt"", ""0ex"", ""0fb"", ""0fn"", ""0ev"", ""0eu"", ""0dz"", ""0ee"", ""0fc"", ""0eb"", ""0em"", ""0dv"", ""0en"", ""0eo"", ""0df"", ""0fj"", ""0dr"", ""0dp"", ""0ey"", ""0ef"", ""0eg"", ""0ep"", ""0di"", ""0fo"", ""0fw"", ""0fl"", ""0do"", ""0du"", ""0dw"", ""0el"", ""0ew"", ""0dg"", ""0dl"", ""0dq"", ""0fu"", ""0ec""], ""all_utilized_sentence_keys"": [], ""sentence_support_information"": [{""response_sentence_key"": ""a"", ""explanation"": ""The response is supported by the documents as it accurately reflects the terms of the agreement between IMNTV and Distributor. The response correctly states that there is no explicit requirement for insurance to be maintained by one party for the benefit of the counterparty in the provided context."", ""supporting_sentence_keys"": [""0ei"", ""0es"", ""0ea"", ""0fv"", ""0ft"", ""0eh"", ""0et"", ""0fk"", ""0fm"", ""0ez"", ""0fg"", ""0dk"", ""0er"", ""0dy"", ""0ds"", ""0fa"", ""0fi"", ""0ff"", ""0dx"", ""0fp"", ""0ed"", ""0fe"", ""0dt"", ""0ex"", ""0fb"", ""0fn"", ""0ev"", ""0eu"", ""0dz"", ""0ee"", ""0fc"", ""0eb"", ""0em"", ""0dv"", ""0en"", ""0eo"", ""0df"", ""0fj"", ""0dr"", ""0dp"", ""0ey"", ""0ef"", ""0eg"", ""0ep"", ""0di"", ""0fo"", ""0ec"", ""0fl"", ""0do"", ""0du"", ""0dw"", ""0el"", ""0ew"", ""0fw"", ""0dg"", ""0dl"", ""0dq"", ""0fu"", ""0fh""], ""fully_supported"": true}], ""overall_supported"": true, ""relevance_explanation"": ""The documents contain useful information for answering the question as they outline the terms of the agreement between IMNTV and Distributor, including the responsibilities and obligations of each party. | Document 0 contains useful information for answering the question, specifically the section on disclaimer of warranties and limitation of liability."", ""overall_supported_explanation"": ""The response is supported by the documents as it accurately reflects the terms of the agreement between IMNTV and Distributor. The response correctly states that there is no explicit requirement for insurance to be maintained by one party for the benefit of the counterparty in the provided context. | The response as a whole is supported by the documents because it correctly states that there is no explicit requirement for insurance to be maintained by one party for the benefit of the counterparty in the provided context. This conclusion is drawn from the fact that the documents do not mention insurance or any related requirements.""}",
ALAMOGORDOFINANCIALCORP_12_16_1999-EX-1-AGENCY AGREEMENT__Change Of Control,"Does one party have the right to terminate or is consent or notice required of the counterparty if such party undergoes a change of control, such as a merger, stock sale, transfer of all or substantially all of its assets or business, or assignment by operation of law?","The context does not explicitly address the scenario of a change of control, such as a merger, stock sale, transfer of all or substantially all of its assets or business, or assignment by operation of law.","[['0ef', '0eg', '0eh'], ['0la', '0lb', '0lc', '0ld'], ['0lg', '0lh', '0li'], ['0ab', '0ac', '0ad'], ['0lp', '0lq', '0lr', '0ls', '0lt', '0lu', '0lv']]",0.01662049861495845,0.008310249307479225,0.5,True,0.6592797783933518,0.3850415512465374,0.5840336134453782,0,"{""all_relevant_sentence_keys"": [""0jz"", ""0az"", ""0eh"", ""0z"", ""0ci"", ""0h"", ""0hf"", ""0hl"", ""0cr"", ""0li"", ""0cu"", ""0bw"", ""0ai"", ""0aa"", ""0er"", ""0aq"", ""0ds"", ""0hm"", ""0m"", ""0ki"", ""0le"", ""0cc"", ""0dx"", ""0hn"", ""0jj"", ""0jd"", ""0hv"", ""0je"", ""0bg"", ""0v"", ""0b"", ""0bf"", ""0eq"", ""0dz"", ""0dj"", ""0jb"", ""0ee"", ""0gs"", ""0bs"", ""0hp"", ""0en"", ""0gt"", ""0eo"", ""0bb"", ""0gq"", ""0dp"", ""0an"", ""0ef"", ""0ch"", ""0eg"", ""0g"", ""0lh"", ""0bt"", ""0aj"", ""0js"", ""0bd"", ""0ag"", ""0jm"", ""0ke"", ""0ae"", ""0ix"", ""0ho"", ""0ct"", ""0ei"", ""0w"", ""0r"", ""0hk"", ""0jl"", ""0hq"", ""0kj"", ""0bo"", ""0x"", ""0bp"", ""0et"", ""0lk"", ""0if"", ""0dk"", ""0kd"", ""0ab"", ""0hu"", ""0jy"", ""0gn"", ""0cw"", ""0gz"", ""0ah"", ""0gl"", ""0e"", ""0p"", ""0ck"", ""0dt"", ""0ej"", ""0hb"", ""0eu"", ""0jr"", ""0gu"", ""0hr"", ""0em"", ""0ax"", ""0cv"", ""0de"", ""0dv"", ""0am"", ""0gw"", ""0bv"", ""0ju"", ""0bz"", ""0kf"", ""0he"", ""0el"", ""0be"", ""0gm"", ""0k"", ""0id"", ""0bj"", ""0hi"", ""0la"", ""0es"", ""0hw"", ""0t"", ""0ea"", ""0ht"", ""0a"", ""0db"", ""0jv"", ""0cb"", ""0ia"", ""0aw"", ""0hd"", ""0ce"", ""0ap"", ""0dd"", ""0dy"", ""0hg"", ""0iw"", ""0bm"", ""0cs"", ""0cz"", ""0hj"", ""0lb"", ""0jc"", ""0by"", ""0al"", ""0o"", ""0ed"", ""0bi"", ""0j"", ""0bn"", ""0hh"", ""0jn"", ""0ig"", ""0hy"", ""0ac"", ""0n"", ""0at"", ""0dc"", ""0iz"", ""0jf"", ""0eb"", ""0ar"", ""0ha"", ""0au"", ""0bh"", ""0cp"", ""0gv"", ""0q"", ""0dr"", ""0jh"", ""0ka"", ""0hz"", ""0kk"", ""0ao"", ""0go"", ""0ib"", ""0do"", ""0ie"", ""0dw"", ""0dg"", ""0gk"", ""0u"", ""0av"", ""0dq"", ""0iy"", ""0jw"", ""0bu"", ""0jx"", ""0ec"", ""0f"", ""0cd"", ""0c"", ""0ic"", ""0jt"", ""0ld"", ""0cj"", ""0kb"", ""0gx"", ""0d"", ""0ad"", ""0dh"", ""0kc"", ""0ba"", ""0cg"", ""0as"", ""0y"", ""0l"", ""0ji"", ""0kh"", ""0lj"", ""0bq"", ""0ca"", ""0cn"", ""0ev"", ""0bc"", ""0gr"", ""0gy"", ""0lf"", ""0ja"", ""0cq"", ""0jk"", ""0df"", ""0hc"", ""0i"", ""0ep"", ""0jo"", ""0cf"", ""0di"", ""0da"", ""0du"", ""0ek"", ""0jg"", ""0ay"", ""0gp"", ""0ih"", ""0af"", ""0s"", ""0ak"", ""0bx"", ""0br"", ""0cl""], ""all_utilized_sentence_keys"": [""0az"", ""0eh"", ""0z"", ""0ci"", ""0h"", ""0li"", ""0bw"", ""0ai"", ""0aa"", ""0er"", ""0aq"", ""0ds"", ""0m"", ""0le"", ""0cc"", ""0dx"", ""0bg"", ""0v"", ""0b"", ""0bf"", ""0eq"", ""0dz"", ""0dj"", ""0ee"", ""0bs"", ""0en"", ""0eo"", ""0bb"", ""0dp"", ""0an"", ""0ef"", ""0ch"", ""0eg"", ""0g"", ""0lh"", ""0bt"", ""0aj"", ""0bd"", ""0ag"", ""0ae"", ""0ei"", ""0w"", ""0r"", ""0bo"", ""0x"", ""0bp"", ""0et"", ""0lk"", ""0dk"", ""0ab"", ""0ah"", ""0e"", ""0p"", ""0ck"", ""0dt"", ""0ej"", ""0eu"", ""0em"", ""0ax"", ""0dv"", ""0am"", ""0bv"", ""0bz"", ""0el"", ""0be"", ""0k"", ""0bj"", ""0la"", ""0es"", ""0t"", ""0ea"", ""0a"", ""0cb"", ""0aw"", ""0ce"", ""0ap"", ""0dy"", ""0bm"", ""0lb"", ""0by"", ""0al"", ""0o"", ""0ed"", ""0bi"", ""0j"", ""0bn"", ""0ac"", ""0n"", ""0at"", ""0eb"", ""0ar"", ""0au"", ""0bh"", ""0cp"", ""0q"", ""0dr"", ""0ao"", ""0do"", ""0dw"", ""0dg"", ""0gk"", ""0u"", ""0av"", ""0dq"", ""0bu"", ""0ec"", ""0f"", ""0cd"", ""0c"", ""0ld"", ""0cj"", ""0d"", ""0ad"", ""0dh"", ""0ba"", ""0cg"", ""0as"", ""0y"", ""0l"", ""0lj"", ""0bq"", ""0ca"", ""0cn"", ""0ev"", ""0bc"", ""0lf"", ""0i"", ""0ep"", ""0cf"", ""0di"", ""0ek"", ""0du"", ""0ay"", ""0af"", ""0s"", ""0ak"", ""0bx"", ""0br"", ""0cl""], ""sentence_support_information"": [{""response_sentence_key"": ""a"", ""explanation"": ""The sentence is supported by the documents, as there is no explicit mention of a change of control in the agreement between the Company, the MHC, the Bank, and the Agent."", ""supporting_sentence_keys"": [""0t"", ""0az"", ""0a"", ""0z"", ""0h"", ""0aw"", ""0ai"", ""0aa"", ""0ap"", ""0aq"", ""0m"", ""supported_without_sentence"", ""0al"", ""0o"", ""0bi"", ""0j"", ""0bg"", ""0v"", ""0b"", ""0bf"", ""0ac"", ""0n"", ""0at"", ""0ar"", ""0au"", ""0bh"", ""0cp"", ""0bb"", ""0q"", ""0an"", ""0g"", ""0ao"", ""0aj"", ""0bd"", ""0u"", ""0ag"", ""0av"", ""0gk"", ""0ae"", ""0f"", ""0w"", ""0r"", ""0c"", ""0x"", ""0d"", ""0ad"", ""0ab"", ""0ba"", ""0ah"", ""0as"", ""0e"", ""0y"", ""0p"", ""0l"", ""0cn"", ""0bc"", ""0ax"", ""0am"", ""0i"", ""0be"", ""0ay"", ""0k"", ""0af"", ""0s"", ""0ak"", ""0bj""], ""fully_supported"": true}, {""response_sentence_key"": ""b"", ""explanation"": ""The sentence is not supported by the documents, as it makes a general statement about the context without providing any specific information."", ""supporting_sentence_keys"": [], ""fully_supported"": false}], ""overall_supported"": false, ""relevance_explanation"": ""Document 0 contains useful information for answering the question, specifically Section 2, which discusses the terms and conditions of the agreement between the Company, the MHC, the Bank, and the Agent. | Document 0 contains useful information for answering the question, specifically sections 4(a), 4(b), and 4(d) which discuss the representations and warranties made by the Company, the MHC, and the Bank regarding the Offering. | Document 0 contains useful information for answering the question, specifically sections related to the rights and obligations of the parties involved in the agreement. | Document 0 contains useful information for answering the question, specifically sections related to representations and warranties. | Document 0 contains useful information for answering the question, specifically sections (f) to (v) which discuss the obligations and responsibilities of the parties involved in the Offering. | Document 0 contains useful information for answering the question, as it discusses the terms and conditions of the Offering, including the rights and obligations of the parties involved. | Document 0 contains useful information for answering the question, specifically sections (xviii) and (xix) which discuss the Company, the MHC, and the Bank's compliance with applicable federal laws and regulations. | Document 0 contains useful information for answering the question, specifically Section 7, which discusses the conditions under which the Offering can proceed. | Document 0 contains useful information for answering the question, specifically Section 8, which discusses indemnification and the obligations of the parties involved. | Document 0 is the only document that contains useful information for answering the question. | Document 0 does not contain any useful information for answering the question."", ""overall_supported_explanation"": ""The response is partially supported by the documents. The first sentence of the response states that the context does not explicitly address the scenario of a change of control. This is supported by the documents, as there is no explicit mention of a change of control in the agreement between the Company, the MHC, the Bank, and the Agent. However, the response does not provide any information about whether consent or notice is required in the event of a change of control, which is the main question being asked. Therefore, the response is not fully supported by the documents. | The response as a whole is not supported by the documents. The response states that the context does not explicitly address the scenario of a change of control, such as a merger, stock sale, transfer of all or substantially all of its assets or business, or assignment by operation of law. However, the documents do contain information about the representations and warranties made by the Company, the MHC, and the Bank regarding the Offering, which could be relevant to the question. Specifically, section 4(a) states that the Registration Statement contained all statements that were required to be stated therein in accordance with the 1933 Act and the 1933 Act Regulations, and that the Registration Statement did not contain an untrue statement of a material fact or omit to state a material fact required to be stated therein or necessary to make the statements therein, in light of the circumstances under which they were made, not misleading. Section 4(b) states that the MHC Application, including the Prospectus, did not include any untrue statement of a material fact or omit to state a material fact required to be stated therein or necessary to make the statements therein, in light of the circumstances under which they were made, not misleading. Section 4(d) states that no order has been issued by the OTS or the FDIC preventing or suspending the use of the Prospectus, and no action by or before any such government entity to revoke any approval, authorization or order of effectiveness related to the Offering is, to the best knowledge of the Company, the MHC or the Bank, pending or threatened. However, these sections do not explicitly address the scenario of a change of control, such as a merger, stock sale, transfer of all or substantially all of its assets or business, or assignment by operation of law. | The response as a whole is not supported by the documents. The response states that the context does not explicitly address the scenario of a change of control, which is a correct observation. However, the response does not provide any information about the rights and obligations of the parties involved in the agreement, which is the main topic of the question. | The response as a whole is not supported by the documents. The response states that the context does not explicitly address the scenario of a change of control, which is a correct observation. However, the response does not provide any information about whether consent or notice is required in such a scenario, which is the main question being asked. The documents do contain information about representations and warranties, but this information is not directly relevant to the question of whether consent or notice is required in the event of a change of control. | The response as a whole is not supported by the documents. The response states that the context does not explicitly address the scenario of a change of control, such as a merger, stock sale, transfer of all or substantially all of its assets or business, or assignment by operation of law. However, upon reviewing the documents, it appears that sections (f) to (v) discuss the obligations and responsibilities of the parties involved in the Offering, including the possibility of a change of control. Specifically, section (f) states that the Company, the MHC, and the Bank will comply with any and all material terms, conditions, requirements, and provisions with respect to the Offering, and section (v) states that the facts and representations provided to Luse Lehman Gorman Pomerenk & Schick by the Bank, the MHC, and the Company will be truthful, accurate, and complete. Therefore, the response is not supported by the documents because it fails to consider the implications of a change of control on the obligations and responsibilities of the parties involved in the Offering. | The response is partially supported by the documents. The first sentence of the response is supported by the documents, as it correctly states that the context does not explicitly address the scenario of a change of control. However, the second sentence of the response is not supported by the documents, as it makes a general statement about the context without providing any specific information. | The response as a whole is not supported by the documents. The response states that the context does not explicitly address the scenario of a change of control, such as a merger, stock sale, transfer of all or substantially all of its assets or business, or assignment by operation of law. However, the documents do not explicitly address this scenario either. The relevant sections of the documents discuss the Company, the MHC, and the Bank's compliance with applicable federal laws and regulations, but do not provide any information about the rights and obligations of the parties in the event of a change of control. | The response is not supported by the documents because it does not address the specific scenario of a change of control, such as a merger, stock sale, transfer of all or substantially all of its assets or business, or assignment by operation of law. The response only mentions that the context does not explicitly address this scenario, but does not provide any information about the conditions under which the Offering can proceed in the event of a change of control. | The response as a whole is not supported by the documents. The response states that the context does not explicitly address the scenario of a change of control, which is a correct observation. However, the response does not provide any information about the specific provisions of the agreement that would govern such a scenario. Section 8 of the agreement discusses indemnification and the obligations of the parties involved, but it does not address the question of whether one party has the right to terminate or if consent or notice is required of the counterparty in the event of a change of control. | The response as a whole is not supported by the documents. The response states that the context does not explicitly address the scenario of a change of control, such as a merger, stock sale, transfer of all or substantially all of its assets or business, or assignment by operation of law. However, the documents do contain information about termination and notice requirements, which could be relevant to the question. Specifically, Section 11 of the documents describes the circumstances under which the Agent may terminate the Agreement, and Section 12 describes the procedures for giving notice. However, these sections do not explicitly address the scenario of a change of control, and the response does not provide any support from the documents for its claim that the context does not explicitly address this scenario. | The response is not supported by the documents because it claims that the context does not explicitly address the scenario of a change of control, but there is no information in the documents to support this claim.""}",
BNCMORTGAGEINC_05_17_1999-EX-10.4-LICENSING AND WEB SITE HOSTING AGREEMENT__Anti-Assignment,Is consent or notice required of a party if the contract is assigned to a third party?,"No, consent or notice is not required for an assignment to a third party that is a financially responsible affiliate, as stated in Section 15 of the contract.","[['0ff', '0fg', '0fh', '0fi', '0fj', '0fk', '0fl', '0fm', '0fn', '0fo', '0fp'], ['0dw', '0dx', '0dy', '0dz', '0ea', '0eb', '0ec'], ['0fp', '0fq', '0fr', '0fs', '0ft', '0fu', '0fv', '0fw', '0fx', '0fy', '0fz', '0ga', '0gb', '0gc'], ['0eq', '0er', '0es', '0et', '0eu', '0ev', '0ew', '0ex', '0ey', '0ez', '0fa', '0fb', '0fc', '0fd', '0fe', '0ff'], ['0du', '0dv', '0dw']]",0.004694835680751174,0.004694835680751174,1.0,True,0.5023474178403756,0.0,0.0,0,"{""all_relevant_sentence_keys"": [""0az"", ""0z"", ""0ci"", ""0h"", ""0cr"", ""0cu"", ""0bw"", ""0ai"", ""0aa"", ""0aq"", ""0m"", ""0cc"", ""0bg"", ""0v"", ""0b"", ""0bf"", ""0bs"", ""0bb"", ""0an"", ""0ch"", ""0g"", ""0bt"", ""0aj"", ""0bd"", ""0ag"", ""0co"", ""0ae"", ""0ct"", ""0w"", ""0r"", ""0bo"", ""0x"", ""0bp"", ""0cy"", ""0ab"", ""0gn"", ""0cw"", ""0ah"", ""0e"", ""0p"", ""0ck"", ""0ax"", ""0cv"", ""0am"", ""0bv"", ""0bl"", ""0bz"", ""0be"", ""0gm"", ""0k"", ""0bj"", ""0t"", ""0a"", ""0cb"", ""0aw"", ""0ce"", ""0cm"", ""0ap"", ""0bm"", ""0cs"", ""0cz"", ""0by"", ""0al"", ""0o"", ""0bk"", ""0bi"", ""0j"", ""0bn"", ""0ac"", ""0n"", ""0at"", ""0ar"", ""0au"", ""0bh"", ""0cp"", ""0q"", ""0ao"", ""0gk"", ""0u"", ""0av"", ""0bu"", ""0f"", ""0cd"", ""0c"", ""0cj"", ""0cx"", ""0d"", ""0ad"", ""0ba"", ""0cg"", ""0as"", ""0y"", ""0l"", ""0bq"", ""0ca"", ""0cn"", ""0bc"", ""0cq"", ""0i"", ""0cf"", ""0da"", ""0ay"", ""0af"", ""0s"", ""0ak"", ""0bx"", ""0br""], ""all_utilized_sentence_keys"": [], ""sentence_support_information"": [{""response_sentence_key"": ""a"", ""explanation"": ""The response claims that consent or notice is not required for an assignment to a third party that is a financially responsible affiliate, as stated in Section 15 of the contract. However, upon reviewing the documents, there is no mention of Section 15 or any similar provision that would support this claim."", ""supporting_sentence_keys"": [], ""fully_supported"": false}], ""overall_supported"": false, ""relevance_explanation"": ""The relevant document for answering the question is Document 0, which contains the contract terms and conditions. | Document 0 contains useful information for answering the question, specifically the sections related to contract terms and conditions."", ""overall_supported_explanation"": ""The response claims that consent or notice is not required for an assignment to a third party that is a financially responsible affiliate, as stated in Section 15 of the contract. However, upon reviewing the documents, there is no mention of Section 15 or any similar provision that would support this claim. The closest relevant section is Section 10, which discusses confidentiality obligations, but it does not address assignment or notice requirements. Therefore, the response is not supported by the documents. | The response claims that consent or notice is not required for an assignment to a third party that is a financially responsible affiliate, as stated in Section 15 of the contract. However, upon reviewing the documents, there is no mention of Section 15, and the relevant sentences in Document 0 do not support this claim. Specifically, sentences 0gk, 0gm, and 0gn discuss the requirements for authorization to use the System and the prohibition on offering the System without such authorization, but they do not address the issue of consent or notice for assignment to a third party.""}",
BLACKSTONEGSOLONG-SHORTCREDITINCOMEFUND_05_11_2020-EX-99.(K)(1)-SERVICE AGREEMENT__Rofr/Rofo/Rofn,"Is there a clause granting one party a right of first refusal, right of first offer or right of first negotiation to purchase, license, market, or distribute equity interest, technology, assets, products or services?","There is no explicit clause granting one party a right of first refusal, right of first offer, or right of first negotiation in the provided context.","[['0dc', '0dd', '0de', '0df', '0dg', '0dh', '0di', '0dj', '0dk'], ['0cw', '0cx', '0cy', '0cz', '0da', '0db', '0dc'], ['0r', '0s', '0t', '0u', '0v', '0w'], ['0at', '0au', '0av', '0aw'], ['0gs', '0gt', '0gu', '0gv', '0gw', '0gx', '0gy', '0gz', '0ha']]",0.0,0.02304147465437788,1.0,True,0.6497695852534562,0.4147465437788018,0.6382978723404256,1,"{""all_relevant_sentence_keys"": [""0az"", ""0eh"", ""0z"", ""0ga"", ""0h"", ""0hf"", ""0fk"", ""0ai"", ""0fg"", ""0aa"", ""0er"", ""0aq"", ""0fa"", ""0m"", ""0gf"", ""0gb"", ""0fs"", ""0ex"", ""0v"", ""0b"", ""0eq"", ""0fz"", ""0gs"", ""0en"", ""0gt"", ""0eo"", ""0fy"", ""0bb"", ""0gq"", ""0an"", ""0ef"", ""0eg"", ""0fo"", ""0g"", ""0fw"", ""0fd"", ""0gg"", ""0aj"", ""0bd"", ""0ag"", ""0ae"", ""0fh"", ""0ei"", ""0w"", ""0r"", ""0x"", ""0fv"", ""0ft"", ""0et"", ""0gi"", ""0gd"", ""0ge"", ""0ab"", ""0fx"", ""0gn"", ""0gz"", ""0ah"", ""0gl"", ""0e"", ""0p"", ""0fp"", ""0ej"", ""0fb"", ""0hb"", ""0eu"", ""0gu"", ""0em"", ""0ax"", ""0am"", ""0gw"", ""0he"", ""0fl"", ""0el"", ""0be"", ""0gm"", ""0k"", ""0hi"", ""0es"", ""0t"", ""0fq"", ""0a"", ""0aw"", ""0hd"", ""0ap"", ""0hg"", ""0fi"", ""0ff"", ""0al"", ""0o"", ""0ed"", ""0fe"", ""0j"", ""0hh"", ""0gh"", ""0ac"", ""0n"", ""0at"", ""0fr"", ""0ar"", ""0ha"", ""0au"", ""0gv"", ""0q"", ""0ao"", ""0go"", ""0gk"", ""0u"", ""0av"", ""0fu"", ""0ec"", ""0f"", ""0c"", ""0gj"", ""0fm"", ""0ez"", ""0gx"", ""0d"", ""0ad"", ""0gc"", ""0ba"", ""0as"", ""0y"", ""0l"", ""0fn"", ""0ev"", ""0bc"", ""0gr"", ""0gy"", ""0fc"", ""0fj"", ""0ey"", ""0hc"", ""0i"", ""0ep"", ""0ek"", ""0ew"", ""0ay"", ""0gp"", ""0af"", ""0s"", ""0ak""], ""all_utilized_sentence_keys"": [""0az"", ""0z"", ""0h"", ""0hf"", ""0ai"", ""0aa"", ""0aq"", ""0m"", ""0gf"", ""0v"", ""0b"", ""0gs"", ""0gt"", ""0bb"", ""0gq"", ""0an"", ""0g"", ""0gg"", ""0aj"", ""0bd"", ""0ag"", ""0ae"", ""0w"", ""0r"", ""0x"", ""0gi"", ""0gd"", ""0ge"", ""0ab"", ""0gn"", ""0gz"", ""0ah"", ""0gl"", ""0e"", ""0p"", ""0hb"", ""0gu"", ""0ax"", ""0am"", ""0gw"", ""0he"", ""0be"", ""0gm"", ""0k"", ""0hi"", ""0t"", ""0a"", ""0aw"", ""0hd"", ""0ap"", ""0hg"", ""0al"", ""0o"", ""0j"", ""0hh"", ""0gh"", ""0ac"", ""0n"", ""0at"", ""0ar"", ""0ha"", ""0au"", ""0gv"", ""0q"", ""0ao"", ""0go"", ""0gk"", ""0u"", ""0av"", ""0f"", ""0c"", ""0gj"", ""0gx"", ""0d"", ""0ad"", ""0gc"", ""0ba"", ""0as"", ""0y"", ""0l"", ""0gr"", ""0bc"", ""0gy"", ""0hc"", ""0i"", ""0ay"", ""0gp"", ""0af"", ""0s"", ""0ak""], ""sentence_support_information"": [{""response_sentence_key"": ""a"", ""explanation"": ""The sentence is supported by the fact that the documents do not contain any clauses that explicitly grant one party a right of first refusal, right of first offer, or right of first negotiation to purchase, license, market, or distribute equity interest, technology, assets, products or services."", ""supporting_sentence_keys"": [""0hi"", ""0t"", ""0az"", ""0a"", ""0z"", ""0h"", ""0hf"", ""0aw"", ""0hd"", ""0ai"", ""0aa"", ""0ap"", ""0aq"", ""0hg"", ""0m"", ""0gf"", ""supported_without_sentence"", ""0al"", ""0o"", ""0j"", ""0hh"", ""0gh"", ""0v"", ""0b"", ""0ac"", ""0n"", ""0at"", ""0gs"", ""0ar"", ""0ha"", ""0au"", ""0gt"", ""0gv"", ""0bb"", ""0q"", ""0gq"", ""0an"", ""0g"", ""0ao"", ""0go"", ""0gg"", ""0aj"", ""0bd"", ""0u"", ""0ag"", ""0av"", ""0gk"", ""0ae"", ""0f"", ""0w"", ""0r"", ""0c"", ""0x"", ""0gj"", ""0gi"", ""0gd"", ""0gx"", ""0d"", ""0ge"", ""0ad"", ""0ab"", ""0gc"", ""0ba"", ""0gn"", ""0gz"", ""0ah"", ""0gl"", ""0as"", ""0e"", ""0y"", ""0p"", ""0l"", ""0gr"", ""0bc"", ""0hb"", ""0gy"", ""0gu"", ""0ax"", ""0am"", ""0gw"", ""0hc"", ""0i"", ""0he"", ""0be"", ""0gm"", ""0ay"", ""0k"", ""0gp"", ""0af"", ""0s"", ""0ak""], ""fully_supported"": true}], ""overall_supported"": true, ""relevance_explanation"": ""Document 0 contains useful information for answering the question. | Document 0 contains useful information for answering the question, specifically the sections related to services and fees. | Document 0 contains useful information for answering the question, specifically the sections related to the agreement between Client and Agent."", ""overall_supported_explanation"": ""The response is supported by the documents because it correctly states that there is no explicit clause granting one party a right of first refusal, right of first offer, or right of first negotiation in the provided context. The response is also supported by the fact that the documents do not contain any clauses that explicitly grant one party a right of first refusal, right of first offer, or right of first negotiation to purchase, license, market, or distribute equity interest, technology, assets, products or services. | The response is supported because it correctly states that there is no explicit clause granting one party a right of first refusal, right of first offer, or right of first negotiation in the provided context. This conclusion is supported by the fact that none of the documents mention such a clause. | The response is supported by the documents because it correctly states that there is no explicit clause granting one party a right of first refusal, right of first offer, or right of first negotiation in the provided context. This conclusion is supported by the fact that none of the sections in Document 0 mention such a clause.""}",
GridironBionutrientsInc_20171206_8-K_EX-10.1_10972555_EX-10.1_Endorsement Agreement__Liquidated Damages,Does the contract contain a clause that would award either party liquidated damages for breach or a fee upon the termination of a contract (termination fee)?,"No, the contract does not contain a clause that would award either party liquidated damages for breach or a fee upon the termination of a contract (termination fee).","[['0dg', '0dh', '0di', '0dj', '0dk'], ['0dd', '0de', '0df', '0dg'], ['0eb', '0ec', '0ed', '0ee', '0ef', '0eg'], ['0dv', '0dw', '0dx', '0dy', '0dz', '0ea', '0eb'], ['0em', '0en', '0eo', '0ep', '0eq', '0er', '0es', '0et', '0eu']]",0.012195121951219513,0.012195121951219513,1.0,True,0.5853658536585366,0.0,0.0,0,"{""all_relevant_sentence_keys"": [""0az"", ""0z"", ""0h"", ""0cr"", ""0bw"", ""0ai"", ""0aa"", ""0aq"", ""0fa"", ""0m"", ""0dm"", ""0bg"", ""0v"", ""0b"", ""0bf"", ""0bs"", ""0bb"", ""0an"", ""0g"", ""0fd"", ""0bt"", ""0aj"", ""0bd"", ""0ag"", ""0ae"", ""0w"", ""0r"", ""0bo"", ""0x"", ""0bp"", ""0dk"", ""0ab"", ""0ah"", ""0e"", ""0p"", ""0fb"", ""0ax"", ""0am"", ""0bv"", ""0bl"", ""0bz"", ""0be"", ""0k"", ""0bj"", ""0t"", ""0a"", ""0cb"", ""0aw"", ""0ap"", ""0dd"", ""0bm"", ""0cs"", ""0ff"", ""0by"", ""0al"", ""0o"", ""0bk"", ""0bi"", ""0j"", ""0bn"", ""0fe"", ""0ac"", ""0n"", ""0at"", ""0ar"", ""0au"", ""0bh"", ""0q"", ""0ao"", ""0do"", ""0dl"", ""0u"", ""0av"", ""0bu"", ""0f"", ""0c"", ""0d"", ""0ad"", ""0dh"", ""0ba"", ""0as"", ""0y"", ""0l"", ""0bq"", ""0ca"", ""0bc"", ""0fc"", ""0df"", ""0i"", ""0di"", ""0ay"", ""0af"", ""0s"", ""0ak"", ""0bx"", ""0br""], ""all_utilized_sentence_keys"": [], ""sentence_support_information"": [{""response_sentence_key"": ""a"", ""explanation"": ""The response sentence is not supported by the documents because it makes a claim that is not supported by the text."", ""supporting_sentence_keys"": [""0dk"", ""0dd"", ""0di"", ""0dh"", ""0cs"", ""0do"", ""0dl"", ""0cr"", ""0dm"", ""0df""], ""fully_supported"": false}], ""overall_supported"": false, ""relevance_explanation"": ""The contract document contains useful information for answering the question. | Document 0 contains useful information for answering the question. | Document 0 contains useful information for answering the question, specifically the contract details in sections 0fa to 0ff."", ""overall_supported_explanation"": ""The response is not supported by the documents because it makes a claim that is not supported by the text. | The response is not supported by the documents because it claims that the contract does not contain a clause that would award either party liquidated damages for breach or a fee upon the termination of a contract (termination fee). However, upon reviewing the documents, we find that there are clauses related to payments and termination, which could imply the existence of liquidated damages or termination fees. | The response as a whole is not supported by the documents because it claims that the contract does not contain a clause for liquidated damages or termination fees, but the documents do not explicitly state this. The relevant sections of the contract (0fa to 0ff) describe promotional activities and do not mention liquidated damages or termination fees.""}",
PFSFUNDS_06_26_2020-EX-99.H OTH MAT CONT-SERVICES AGREEMENT__Termination For Convenience,Can a party terminate this  contract without cause (solely by giving a notice and allowing a waiting  period to expire)?,"Yes, according to the contract, this Agreement may be terminated without the payment of any penalty by either party upon sixty (60) days' written notice to the other party.","[['0ap', '0aq', '0ar', '0as', '0at', '0au', '0av'], ['0ak', '0al', '0am', '0an', '0ao', '0ap'], ['0ab', '0ac', '0ad', '0ae', '0af'], ['0af', '0ag', '0ah'], ['0v', '0w', '0x', '0y', '0z']]",0.017543859649122806,0.017543859649122806,1.0,True,0.03508771929824561,0.03508771929824561,1.0,1,"{""all_relevant_sentence_keys"": [""0ap"", ""0ar""], ""all_utilized_sentence_keys"": [""0ap"", ""0ar""], ""sentence_support_information"": [{""response_sentence_key"": ""a"", ""explanation"": ""The sentence is supported by the contract, which states that the agreement may be terminated without penalty upon sixty days' written notice."", ""supporting_sentence_keys"": [""0ap""], ""fully_supported"": true}], ""overall_supported"": true, ""relevance_explanation"": ""Document 0 contains useful information for answering the question."", ""overall_supported_explanation"": ""The response is supported by the documents because it accurately quotes a sentence from the contract that allows for termination without cause. However, the response does not mention the waiting period specified in the contract, which is also relevant to the question.""}",
