idx,domain,exp_id,generator,judge,our_relevance,our_utilization,our_completeness,our_adherence,ref_relevance,ref_utilization,ref_completeness,ref_adherence,dropped_keys,salvaged,answer
0,customer_support,JS-CS-70b,meta-llama/llama-3.3-70b-instruct,meta-llama/llama-3.3-70b-instruct,0.75,0.75,1.0,1,0.01171875,0.01171875,1.0,0,0,0,"To answer this question, let's analyze the provided context documents.

Document [1] and [4] mention the issue of the COBOL Copybook importer being missing after an upgrade, but they do not specifically discuss the format of COBOL copybooks for use in WTX or issues related to errors/fields missing in the typetree during import.

Document [2] mentions an error related to level 88 fields with names longer than 30 characters in COBOL copybooks generated by DFHWS2LS, but it does not provide a general format for COBOL copybooks to be used in WTX.

Document [3] mentions that the COBOL Copybook importer option no longer appears due to some files not being correctly overwritten or modified during an upgrade, which also does not address the question of a specific format for COBOL copybooks.

Given the information in the documents, there is no explicit mention of a specific format for COBOL copybooks to be used in WTX that would prevent errors or missing fields in the typetree during import. The documents primarily discuss issues related to the installation and upgrade of IBM WebSphere Transformation Extender (WTX) Design Studio and problems with the COBOL Copybook importer, rather than the structure or format of COBOL copybooks themselves.

Therefore, based on the provided context documents, the answer to the question about a specific format for COBOL copybooks to be used in WTX to avoid errors or missing fields in the typetree during import is: 

The documents are missing some of the"
1,customer_support,JS-CS-70b,meta-llama/llama-3.3-70b-instruct,meta-llama/llama-3.3-70b-instruct,0.8333333333333334,0.8333333333333334,1.0,1,0.02702702702702703,0.02702702702702703,1.0,1,0,0,"The documents are missing some of the information required to answer the question.

The provided documents mention various versions of WebSphere Transformation Extender (WTX) and its compatibility with different products, but they do not specifically mention support for IBM Integration Bus V10. Document [0] mentions the availability of WTX V8.4.0.2, while document [3] mentions WTX V8.4.1.4, but neither of these documents mentions IBM Integration Bus V10. 

Therefore, based on the information provided in the documents, it is not possible to determine whether WebSphere Transformation Extender (WTX) is supported for IBM Integration Bus V10 or when it will be supported."
2,customer_support,JS-CS-70b,meta-llama/llama-3.3-70b-instruct,meta-llama/llama-3.3-70b-instruct,0.42857142857142855,0.42857142857142855,1.0,1,0.0026595744680851063,0.0013297872340425532,0.5,1,0,0,"To answer the question, I will look for information about Microsoft Edge support in the provided context documents.

In document [0], it is stated that ""Microsoft Edge is supported starting with IBM Content Collector 4.0.1 Fix Pack 2."" 

This same information is also mentioned in documents [1] and [2], which further confirms that Microsoft Edge is supported with IBM Content Collector, starting from version 4.0.1 Fix Pack 2.

Therefore, based on the information provided in the context documents, Microsoft Edge is supported with ICC, specifically starting with IBM Content Collector 4.0.1 Fix Pack 2."
3,customer_support,JS-CS-70b,meta-llama/llama-3.3-70b-instruct,meta-llama/llama-3.3-70b-instruct,0.625,0.625,1.0,1,0.0,0.0,1.0,1,0,0,"The documents are missing some of the information required to answer the question.

The provided documents mention the vulnerability CVE-2016-1000031 affecting various IBM products, including IBM WebSphere Service Registry and Repository, IBM Tivoli Business Service Manager, and IBM Maximo Asset Management. However, none of the documents mention IBM Business Process Manager as being affected by this vulnerability. Therefore, I cannot provide a specific version of IBM Business Process Manager that is affected by the Apache Commons FileUpload vulnerability CVE-2016-1000031."
4,customer_support,JS-CS-70b,meta-llama/llama-3.3-70b-instruct,meta-llama/llama-3.3-70b-instruct,0.25,0.16666666666666666,0.6666666666666666,1,0.08333333333333333,0.046296296296296294,0.5555555555555556,1,0,0,"To answer the question, I will refer to the context documents. 

The error message ""Error extracting modelerClient64.msi to the temporary location"" is related to an ""1152 error during extraction of Modeler self extracting executable"" as mentioned in document [3]. According to document [3], the cause of this error is that ""files compressed within it are extracted to the temporary location assigned to the signed in user"".

However, the exact solution to this problem is not mentioned in the documents. Document [3] only explains the cause of the 1152 error but does not provide a solution. 

Therefore, based on the information provided in the documents, I can identify the cause of the error but not provide a solution. The documents are missing some of the information required to answer the question."
5,customer_support,JS-CS-70b,meta-llama/llama-3.3-70b-instruct,meta-llama/llama-3.3-70b-instruct,0.5714285714285714,0.5714285714285714,1.0,1,0.0,0.0,1.0,0,0,0,"The documents are missing some of the information required to answer the question.

The provided context documents only mention Fix Packs for WebSphere Message Broker V6.1, such as Fix Pack 6.1.0.7, Fix Pack 6.1.0.11, and Fix Pack 6.1.0.12. There is no mention of Fix Pack 8.0.0.5. Therefore, I cannot provide information on where to find more details about WMB Fix Pack 8.0.0.5."
6,customer_support,JS-CS-70b,meta-llama/llama-3.3-70b-instruct,meta-llama/llama-3.3-70b-instruct,0.5,0.5,1.0,1,0.0,0.0,1.0,0,0,0,"The documents provided do not mention the ""StaleConnectionException"" explicitly, but they do discuss other Oracle-related errors and their resolutions. 

Document [1] mentions using a bind variable in the IBM Business Process Manager SQL integration service to resolve an issue, but it does not specify the issue as a StaleConnectionException. 

Document [3] mentions the ""ORA-01000: maximum open cursors exceeded"" error, which is a different error from the one described in the question.

The question describes an error with a code of ""ORA-02396: exceeded maximum idle time, please connect again"" which is not mentioned in any of the provided documents.

Therefore, based on the information provided in the documents, I cannot find a specific solution to the StaleConnectionException.

The documents are missing some of the information required to answer the question."
7,customer_support,JS-CS-70b,meta-llama/llama-3.3-70b-instruct,meta-llama/llama-3.3-70b-instruct,0.7777777777777778,0.7777777777777778,1.0,1,0.014634146341463415,0.014634146341463415,1.0,0,0,0,"The documents provided do not mention the WebSphere MQ Resource Adapter or how to resolve a WSVR0605W hung thread issue in that specific context. 

The documents do mention WSVR0605W warnings and hung threads in the context of WebSphere Process Server (WPS) and es-workmanager, but they do not provide information on how to resolve the issue in the WebSphere MQ Resource Adapter.

Therefore, the answer to the question is: The documents are missing some of the information required to answer the question."
8,customer_support,JS-CS-70b,meta-llama/llama-3.3-70b-instruct,meta-llama/llama-3.3-70b-instruct,0.14285714285714285,0.14285714285714285,1.0,1,0.05426356589147287,0.05426356589147287,1.0,1,0,0,"To answer the question, let's analyze the provided context documents step by step.

The user is trying to transfer their SPSS 24 license to a new computer because the previous one was defective. They have downloaded SPSS 24 Gradpack onto the new computer but are encountering an issue with activating the license using their activation code, receiving an error message stating they are not allowed to generate any new licenses.

Document [2] provides guidance for ""installation & licensing issues on Student version and Graduate pack,"" which is relevant to the user's situation since they are using the SPSS 24 Gradpack. It advises contacting the vendor for such issues.

None of the other documents directly address the issue of transferring a license to a new computer due to the old computer being defective, or the specific error message the user is encountering when trying to activate the license on the new computer.

Given this analysis, the information provided in the documents does not directly address the user's specific situation of transferring a license due to hardware failure and the subsequent activation issue. Therefore, the most appropriate response based on the information given in the documents is:

The documents are missing some of the information required to answer the question."
9,customer_support,JS-CS-70b,meta-llama/llama-3.3-70b-instruct,meta-llama/llama-3.3-70b-instruct,0.7777777777777778,0.5555555555555556,0.7142857142857143,1,0.0627177700348432,0.0627177700348432,1.0,1,0,0,"To export a private key from a DataPower Gateway Appliance, you can use the crypto-export command, as stated in document [0] and [1]: ""HSM-enabled DataPower appliances support the export of private keys using the crypto-export command."" 

However, for the export to work, certain conditions must be met, as outlined in documents [0] and [4]: 
- HSMs must be initialized and in the same key sharing domain on exporting and importing machines.
- The private key in question must be marked exportable at keygen time.
- HSMs on exporting and importing machines must share internal key-wrapping keys.

Additionally, document [3] mentions that each time the command is run, it will need the output file from the previous step as the input to the current step, which must be moved manually.

Therefore, to export a private key, you would need to ensure these conditions are met and then use the crypto-export command."
10,customer_support,JS-CS-70b,meta-llama/llama-3.3-70b-instruct,meta-llama/llama-3.3-70b-instruct,0.9230769230769231,0.46153846153846156,0.5,0,0.018691588785046728,0.018691588785046728,1.0,1,0,0,"To answer the question, let's break down the information provided in the context documents.

First, we need to understand what conversation sharing is and its benefits. According to document [1], IBM WebSphere MQ server version 7.0 and later releases provide a sharing conversations (SHARECNV) attribute on the SVRCONN channel, which specifies the maximum number of conversations that can share each TCP/IP channel instance.

Document [0] mentions that using a negotiated sharing conversations value of 1 will benefit the DataPower mq-qm object as it will use the IBM WebSphere MQ Version 7 Read Ahead feature and the new buffer management feature for the MQGET API call. However, it also states that for DataPower firmware releases 7.0.0.x, 7.1.0.x, 7.2.0.x, and earlier, one should follow case #1 and use a negotiated sharing conversations value of 0.

Document [3] explains that in current versions of the DataPower firmware, the sharing conversations setting of 1 is treated as 0 when negotiating with the MQ server. This implies that there is a special consideration for the value of 1 in DataPower when configuring conversation sharing.

Document [4] is a link and does not provide any direct information, so we will disregard it for this analysis.

Given the information, we can conclude that conversation sharing should be used in situations where mixed message sizes are used by the same mq-qm object, as it will benefit from the new buffer management feature of IBM WebSphere MQ Version 7 w"
11,customer_support,JS-CS-70b,meta-llama/llama-3.3-70b-instruct,meta-llama/llama-3.3-70b-instruct,1.0,0.8571428571428571,0.8571428571428571,1,0.07011070110701106,0.05904059040590406,0.8421052631578947,1,0,0,"The documents are missing some of the information required to answer the question. 

The question is asking about a specific Security Bulletin regarding a denial of service vulnerability in IBM WebSphere MQ Administration command (CVE-2016-8971). However, none of the provided context documents mention this specific CVE (CVE-2016-8971) or the vulnerability in IBM WebSphere MQ Administration command. 

The documents do mention other vulnerabilities and security bulletins related to IBM WebSphere products, such as a denial of service vulnerability in IBM WebSphere Application Server when using SIP services (CVE-2016-2960) and vulnerabilities in OpenSSL affecting IBM WebSphere MQ Advanced Message Security, but they do not provide information about the specific vulnerability mentioned in the question. 

Therefore, I cannot provide the required information based on the given context documents."
12,customer_support,JS-CS-70b,meta-llama/llama-3.3-70b-instruct,meta-llama/llama-3.3-70b-instruct,0.45454545454545453,0.6363636363636364,0.8,1,0.028037383177570093,0.0,0.0,0,0,0,"To answer the question, I will examine the provided context documents. 

The question is asking about Security Bulletin information regarding IBM Integration Bus being affected by Node.js security vulnerabilities (CVE-2017-1000381 and CVE-2017-11499). 

Upon reviewing the context documents, I notice that documents [0], [1], and [2] discuss vulnerabilities (CVE-2017-0256, CVE-2017-3735, and CVE-2017-3737) that are different from the ones mentioned in the question (CVE-2017-1000381 and CVE-2017-11499). 

Document [3] mentions multiple vulnerabilities affecting the IBM SDK for Node.js used by the Cordova platform packaged with Rational Application Developer, but it does not mention the specific vulnerabilities (CVE-2017-1000381 and CVE-2017-11499) mentioned in the question.

Document [4] provides information on how to obtain fixes for vulnerabilities in IBM SDK for Node.js, but it does not specifically mention the vulnerabilities (CVE-2017-1000381 and CVE-2017-11499) mentioned in the question.

Since none of the provided context documents mention the specific vulnerabilities (CVE-2017-1000381 and CVE-2017-11499) or provide information on where to find the Security Bulletin regarding these vulnerabilities, I conclude that the documents are missing some of the information required to answer the question.

The documents are missing some of the information required to answer the question."
13,customer_support,JS-CS-70b,meta-llama/llama-3.3-70b-instruct,meta-llama/llama-3.3-70b-instruct,0.9166666666666666,0.75,0.8181818181818182,1,0.085,0.065,0.7647058823529411,1,0,0,"To answer the question, I need to find information about the specific security bulletin regarding ""Multiple vulnerabilities in IBM Java SDK affect IBM OS Images for Red Hat Linux Systems and AIX (CVE-2015-0410 and CVE-2014-6593)"" in the provided context documents.

Upon reviewing the documents, I notice that none of the documents mention the specific CVE IDs ""CVE-2015-0410"" and ""CVE-2014-6593"" together in the context of IBM OS Images for Red Hat Linux Systems and AIX. 

Document [0] and [1] mention vulnerabilities in IBM Java SDK used by IBM OS Images for Red Hat Linux Systems and AIX but do not provide specific CVE IDs. 

Document [2] mentions a specific CVE ID ""CVE-2014-3566"" but it is related to IBM WebSphere Application Server, not IBM OS Images for Red Hat Linux Systems and AIX.

Document [3] mentions vulnerabilities in IBM Java SDK affecting IBM WebSphere Application Server and provides information about disclosures in October 2014 and January 2015 but does not mention the specific CVE IDs ""CVE-2015-0410"" and ""CVE-2014-6593"".

Document [4] mentions vulnerabilities in IBM Java SDK used by Rational Developer for System z and mentions the ""FREAK"" vulnerability but does not mention the specific CVE IDs ""CVE-2015-0410"" and ""CVE-2014-6593"".

Since the documents do not provide the specific information about the security bulletin regarding ""Multiple vulnerabilities in IBM Java SDK affect IBM OS Images for Red Hat Linux Systems and AIX (CVE-2015-0410 and CVE-2014-6593)"", I concl"
14,customer_support,JS-CS-70b,meta-llama/llama-3.3-70b-instruct,meta-llama/llama-3.3-70b-instruct,0.7142857142857143,0.7142857142857143,1.0,0,0.0738255033557047,0.03355704697986577,0.45454545454545453,1,0,0,"To answer the question, let's break down the information provided in the context documents and the question itself.

The question describes a scenario where the user purchased the SPSS grad pack, installed it on two computers, and after one of the computers crashed and was reformatted, they tried to reinstall SPSS using the single user copy option with the original authorization number. However, they received an error message stating that all permitted authorizations for the provided authorization code have been utilized, and no additional authorizations are permitted.

Looking at the context documents:

- Document [1] mentions an error message ""Authorization in progress ... (xxxxxxxxxxxxxxxxxxxx)"" which is similar to the error message the user received but does not provide a solution to the specific issue of all authorizations being utilized.
- Document [2] discusses a scenario involving the expiration of licenses for IBM SPSS Statistics 23.0 and the need to deploy Statistics 24.0 licenses, which does not directly relate to the issue of authorization codes being fully utilized.
- Document [3] provides steps to take when encountering licensing issues, including providing the license authorization code to IBM SPSS Customer Service and requesting confirmation that the code is for the correct product and includes the necessary modules. This document suggests a course of action that might be relevant to the user's situation.
- Document [4] mentions an error related to the current"
15,customer_support,JS-CS-70b,meta-llama/llama-3.3-70b-instruct,meta-llama/llama-3.3-70b-instruct,0.8571428571428571,0.7142857142857143,0.8333333333333334,1,0.06103286384976526,0.023474178403755867,0.38461538461538464,0,0,0,"To answer the question, I will analyze the provided context documents.

First, the user is asking for the download details of ITNM 4.2.0.1 GA version with the part number. Document [0] provides the required parts to install IBM Tivoli Network Manager IP Edition V4.2.0.1 Multilingual, which includes the part number CNE9VEN for the base product. However, it does not explicitly mention the GA version.

Regarding the second part of the question, document [1] describes how to download and install IBM Tivoli Network Manager IP Edition Version 4.2 Fix Pack 1 using the Passport Advantage Web site. This document seems to be relevant to the user's query.

To get the download details, document [2] provides information on downloading IBM Tivoli Network Manager IP Edition V4.2.0.1 from the Passport Advantage Online Web site. It includes the release date, language, size, and download options.

However, the documents do not provide a direct link to the GA version download details with the part number. Document [3] provides a link to the IBM Knowledge Center, which may have more information on downloading and installing the product.

Therefore, based on the provided documents, I can say that the user can find information on downloading IBM Tivoli Network Manager IP Edition Version 4.2 Fix Pack 1 using the Passport Advantage Web site in document [1]. For the GA version download details with the part number, the user may need to visit the IBM Knowledge Center (document [3]) or the Passport Adv"
16,customer_support,JS-CS-70b,meta-llama/llama-3.3-70b-instruct,meta-llama/llama-3.3-70b-instruct,1.0,1.0,1.0,1,0.1875,0.046875,0.25,0,0,0,"To find the information regarding the action required for IBM Integration Bus Hypervisor Edition V9.0 and WebSphere Message Broker Hypervisor Edition V8.0 for security vulnerabilities in Red Hat Linux, you can refer to the provided context documents.

The documents [0], [1], [2], [3], and [4] all mention that IBM Integration Bus Hypervisor Edition V9.0 and WebSphere Message Broker Hypervisor Edition V8.0 require customer action for security vulnerabilities in Red Hat Linux. However, none of these documents explicitly state what actions are required.

The documents do provide information on the specific security vulnerabilities, including the CVE numbers, and the version of Red Hat Enterprise Linux (RHEL) Server that is affected. For example, document [1] states that the products ""ship with versions of Red Hat Enterprise Linux (RHEL) Server that are vulnerable to CVE-2011-5320, CVE-2017-15670, CVE-2017-15671, CVE-2017-15804"", and document [3] provides a longer list of vulnerable CVEs.

Document [2] mentions that the products ""ship with Red Hat Enterprise Linux (RHEL) Server 6.2 which is vulnerable to"" unspecified vulnerabilities.

Unfortunately, the documents do not provide explicit instructions on what actions are required to address these security vulnerabilities. Therefore, I must conclude that the documents are missing some of the information required to answer the question. You may need to consult additional resources or contact IBM support for further guidance on the req"
17,customer_support,JS-CS-70b,meta-llama/llama-3.3-70b-instruct,meta-llama/llama-3.3-70b-instruct,0.0,0.0,0.0,1,0.0,0.0,1.0,1,0,0,"The documents are missing some of the information required to answer the question.

The provided context documents mention several security bulletins related to WebSphere Application Server, including CVE-2017-1151 and CVE-2017-1731. However, none of the documents mention CVE-2017-1612, which is the specific vulnerability mentioned in the question. Additionally, the question mentions IBM WebSphere MQ, but the documents only discuss WebSphere Application Server. Therefore, I do not have enough information to provide details about the Security Bulletin regarding CVE-2017-1612 and its impact on IBM WebSphere MQ."
18,customer_support,JS-CS-70b,meta-llama/llama-3.3-70b-instruct,meta-llama/llama-3.3-70b-instruct,0.4444444444444444,0.4444444444444444,1.0,1,0.0,0.0,1.0,0,0,0,"The documents are missing some of the information required to answer the question.

The provided documents do not mention the procedure to drop a user in Cognos Disclosure Management. They provide information about the product, its features, and some technical details, but they do not include instructions on how to manage users, specifically how to drop a user.

Document [0] mentions that users of Cognos Disclosure Management 10.2.4 and previous are advised to contact Customer Support, but it does not provide any information on user management. The other documents provide general information about the product and its installation, but they do not address user management.

Therefore, I cannot provide a step-by-step procedure to drop a user in Cognos Disclosure Management based on the provided documents."
19,customer_support,JS-CS-70b,meta-llama/llama-3.3-70b-instruct,meta-llama/llama-3.3-70b-instruct,0.0,0.7777777777777778,0.0,1,0.036734693877551024,0.0,0.0,0,0,0,"The documents are missing some of the information required to answer the question.

The provided documents do not mention the specific considerations for installing a fix pack for IIB running on a multi-instance environment. They provide general information about fix packs, such as their availability and target release dates (document [0]), the environment for WebSphere Message Broker or IBM Integration Bus (document [1]), security vulnerabilities (document [2]), and general information about APARs and maintenance releases (document [3]). Additionally, document [4] provides links to resources for accessing the Global Cache from a JavaCompute node, the IIB DeveloperWorks Blog, and the IIB dWAnswers forum, but does not address the specific question about installing a fix pack on a multi-instance environment.

Therefore, I cannot provide a detailed answer to the question based on the information provided in the documents."
20,customer_support,JS-CS-70b,meta-llama/llama-3.3-70b-instruct,meta-llama/llama-3.3-70b-instruct,1.0,0.875,0.875,0,0.0,0.0,1.0,0,0,0,"To answer the question, I will analyze the provided context documents.

The question states that the Event Dashboard breaks when a filter is created with the browser language set to Japanese. This issue occurs in WebGUI 8.1 Fix Pack 11.

Document [0] mentions a workaround for a problem by setting the locale of the user to English, accessing the dashboard, and then changing it back to the real locale, like Japanese. This suggests that there might be a locale-related issue.

However, the documents do not provide a direct explanation for the issue of the Event Dashboard breaking with a Japanese filter. Document [1] talks about using a pre-defined filter in the URL, but it does not mention anything about the browser language or locale.

Documents [2] and [3] discuss an issue with the Table Widget in DASH 3.1.0.3, where the column width is not saved after updating on a wire event. However, this seems unrelated to the issue of the Event Dashboard breaking with a Japanese filter.

Document [4] mentions an exception in IE9/IE10 browsers, but it does not provide any information about the Event Dashboard or filters.

Based on the analysis, I conclude that the documents do not provide enough information to answer the question about why the Event Dashboard breaks with a Japanese filter. 

The documents are missing some of the information required to answer the question."
21,customer_support,JS-CS-70b,meta-llama/llama-3.3-70b-instruct,meta-llama/llama-3.3-70b-instruct,0.5,0.3333333333333333,0.6666666666666666,1,0.14450867052023122,0.13872832369942195,0.96,1,0,0,"To find the details regarding the ""Security Bulletin: Security Vulnerability in IBM PureApplication System (CVE-2015-1920)"", we need to look at the context documents provided. 

According to document [0], ""IBM PureApplication System contains IBM WebSphere Application Server, which has a security vulnerability that could allow a remote attacker to execute arbitrary code by connecting to a management port and executing a specific sequence of instructions."" This indicates that the vulnerability in IBM PureApplication System is related to IBM WebSphere Application Server.

Document [1] provides more information on this, stating ""Please consult the security bulletins for IBM WebSphere Application Server published at * Security Bulletin: Security Vulnerability in IBM WebSphere Application Server (CVE-2015-1920) [http://www-01.ibm.com/support/docview.wss?uid=swg21883573]"". 

Therefore, the details regarding the ""Security Bulletin: Security Vulnerability in IBM PureApplication System (CVE-2015-1920)"" can be found at the link provided in document [1], which is http://www-01.ibm.com/support/docview.wss?uid=swg21883573. This link points to the security bulletin for IBM WebSphere Application Server, which is affected by the same CVE-2015-1920 vulnerability."
22,customer_support,JS-CS-70b,meta-llama/llama-3.3-70b-instruct,meta-llama/llama-3.3-70b-instruct,1.0,0.4,0.4,1,0.0196078431372549,0.006535947712418301,0.0,0,0,0,"The documents provided do not mention the error ""Java was started but returned exit code = -1"" specifically in relation to launching the IBM Rational Software Architect application. The documents mention error codes 8096 in various contexts, such as opening work items in IBM Rational Team Concert integrated with Rational Software Architect, linking an IBM Rational Clear Quest record to an IBM Rational Team Concert work item, and other scenarios. However, they do not provide information about an error code of -1.

Therefore, based on the information given in the documents, I must conclude: The documents are missing some of the information required to answer the question."
23,customer_support,JS-CS-70b,meta-llama/llama-3.3-70b-instruct,meta-llama/llama-3.3-70b-instruct,0.875,1.0,1.0,0,0.17058823529411765,0.047058823529411764,0.2413793103448276,1,0,0,"To answer this question, I will analyze the provided context documents. 

The question is about images not being displayed in PDF/Excel but working in HTML after an upgrade to Cognos Analytics 11.0.3. 

Document [0] discusses the issue of images not rendering in PDF/Excel, but it does not provide a specific solution for Cognos Analytics 11.0.3. 

Document [1] provides information about placing images in a specified location for Cognos Business Intelligence, but it does not specifically address the issue of images not displaying in PDF/Excel.

Document [2] suggests placing images on the application tier in the Cognos installation directory, which could potentially resolve the issue. However, it does not specifically address the difference in behavior between HTML and PDF/Excel.

Document [3] repeats the suggestion from Document [2] but does not provide additional information.

Document [4] discusses an issue with the Chain of Trust for SSL within the IBM Cognos Keystore, which could potentially cause issues with images not displaying. However, it does not specifically address the issue of images displaying in HTML but not in PDF/Excel.

Given the information in the documents, it appears that the issue might be related to the way images are accessed or rendered in different output formats (HTML vs. PDF/Excel). However, the documents do not provide a clear solution for Cognos Analytics 11.0.3.

The documents are missing some of the information required to answer the question."
24,customer_support,JS-CS-70b,meta-llama/llama-3.3-70b-instruct,meta-llama/llama-3.3-70b-instruct,1.0,1.0,1.0,0,0.02570694087403599,0.0,0.0,0,0,0,"To answer the question, let's break it down into parts and analyze the information provided in the context documents.

1. **Understanding the Exception**: The exception mentioned in the question is `javax.net.ssl.SSLHandshakeException: com.ibm.jsse2.util.g: PKIX path building failed: java.security.cert.CertPathBuilderException: unable to find valid certification path to requested target`. This exception indicates a problem with the SSL handshake, specifically that the system is unable to find a valid certification path to the requested target. This typically occurs when the Java application (in this case, likely related to WebSphere Operational Decision Management and its interaction with the Scenario Service Provider) is unable to trust the SSL certificate presented by the server it is trying to connect to.

2. **Context from Documents**: All the provided documents ([0] through [4]) mention a similar exception: `javax.net.ssl.SSLHandshakeException` with `PKIX path building failed`. This suggests a consistent issue related to SSL certificate trust and path validation across different components and scenarios.

3. **Configuring Machines for HTTPS**: To configure machines hosting WebSphere Operational Decision Management modules for HTTPS when executing scenario suites, the key issue to address is ensuring that the SSL certificates used by the servers (including the Scenario Service Provider) are trusted by the clients (in this case, the components of WebSphere Operational Deci"
25,customer_support,JS-CS-70b,meta-llama/llama-3.3-70b-instruct,meta-llama/llama-3.3-70b-instruct,0.7692307692307693,0.6923076923076923,0.9,1,0.07009345794392523,0.04672897196261682,0.5333333333333333,1,0,0,"To install Packaging Utility, there are a few methods mentioned in the context documents. 

According to document [0], if Installation Manager is installed, you can use the Packaging Utility repository on www.ibm.com to install Packaging Utility without downloading files. 

Document [2] also mentions that if Installation Manager is installed, you can use the Packaging Utility repository on www.ibm.com to install or update Packaging Utility without downloading files. However, if Installation Manager is not installed, you must download the Packaging Utility files. It's also noted that Installation Manager is included in the Packaging Utility download packages.

Additionally, document [1] states that the installer package contains files for only one platform and can be used to install Packaging Utility and Installation Manager by running the install command. You can also add this package as a repository in Installation Manager and use the package to update Packaging Utility.

Lastly, document [4] mentions selecting IBM Packaging Utility and following the wizard pages to update it, and if it's not installed, to install it, though the steps for installation are not detailed in this document.

Therefore, the steps to install Packaging Utility can be summarized as follows:
1. If Installation Manager is already installed, use the Packaging Utility repository on www.ibm.com.
2. If Installation Manager is not installed, download the Packaging Utility files, which include Installation M"
26,customer_support,JS-CS-70b,meta-llama/llama-3.3-70b-instruct,meta-llama/llama-3.3-70b-instruct,0.4444444444444444,0.2222222222222222,0.5,1,0.06382978723404255,0.010638297872340425,0.16666666666666666,1,0,0,"To answer the question, I will review the provided context documents.

According to document [1], ""Please review Support's Guide to IBM CORBA probes [attached] to understand the integration, alongside the probe's specific documentation."" This indicates that a support guide to the IBM CORBA probes does exist.

Additionally, document [0] lists ""Support's Guide to IBM CORBA probes [http://www-01.ibm.com/support/docview.wss?uid=swg21614208]"" as one of the context documents. This provides a direct link to the support guide.

Therefore, the answer to the question is: Yes, there is a support guide to the CORBA Probes, and it can be downloaded from the provided link: http://www-01.ibm.com/support/docview.wss?uid=swg21614208."
27,customer_support,JS-CS-70b,meta-llama/llama-3.3-70b-instruct,meta-llama/llama-3.3-70b-instruct,1.0,1.0,1.0,1,0.02564102564102564,0.004273504273504274,0.16666666666666666,1,0,0,"The documents provided do not mention WSAS (which likely stands for WebSphere Application Server) in relation to Oracle 12c support. They discuss the compatibility of Oracle 12c with IBM Workload Scheduler (IWS) and IBM Enterprise Integrator for Domino 9.0.1, but do not provide information about WebSphere Application Server.

Therefore, the answer to the question is: The documents are missing some of the information required to answer the question."
28,customer_support,JS-CS-70b,meta-llama/llama-3.3-70b-instruct,meta-llama/llama-3.3-70b-instruct,1.0,1.0,1.0,1,0.13930348258706468,0.05472636815920398,0.39285714285714285,1,0,0,"To answer the question about an updated list of known issues related to TEP to TEPS communication issues with different Java versions, we need to examine the provided context documents.

Document [2] mentions that ""Recent Java updates have caused connection problems when"" which implies there are known issues with recent Java updates affecting the connection. However, it does not provide a comprehensive list of known issues but does mention that ""This defect will be fixed in Oracle Java 8 u60, targeted for August 2015."" This indicates that at least one specific issue related to Java updates and connection problems is acknowledged and scheduled for a fix.

Document [0] provides a problem abstract related to the TEP client not starting after upgrading to Windows 7, which involves Java WebStart and results in a connection refusal on port 15200. This suggests another potential issue but does not directly address the question of an updated list of known issues with different Java versions.

Documents [1] and [3] offer troubleshooting steps and describe specific scenarios but do not provide a list of known issues related to Java versions and TEP to TEPS communication.

Document [4] provides steps for resolving the problem, focusing on checking if port 15200 is listening on the TEPS server and potential firewall issues, but again, does not offer an updated list of known issues with Java versions.

Given the information in the documents, there is no comprehensive or updated list of kn"
29,customer_support,JS-CS-70b,meta-llama/llama-3.3-70b-instruct,meta-llama/llama-3.3-70b-instruct,0.8333333333333334,0.5,0.6,1,0.034220532319391636,0.034220532319391636,1.0,0,0,0,"The documents are missing some of the information required to answer the question. 

The provided documents mention the installation and configuration of ITCAM for J2EE, but they do not provide specific instructions on how to configure J2EE Tomcat DC to run as a Windows Service. Document [0] mentions configuring the ITCAM agent and DC, but it does not provide details on running DC as a Windows Service. Document [2] provides information on monitoring Apache Tomcat server, but it only mentions downloading and installing the latest version of ITCAM for J2EE v7.1.1.x. 

There is no information in the documents that specifically addresses configuring J2EE Tomcat DC to run as a Windows Service, or whether this type of configuration is supported. Therefore, the documents do not provide enough information to answer the question."
30,customer_support,JS-CS-70b,meta-llama/llama-3.3-70b-instruct,meta-llama/llama-3.3-70b-instruct,0.14285714285714285,0.14285714285714285,1.0,0,0.04610951008645533,0.025936599423631124,0.5625,0,0,0,"The documents are missing some of the information required to answer the question. 

Although document [0] mentions that the functions that are deprecations and removals in IBM BPM V8.5.7 cumulative fix 2016.12 are flagged in ""Deprecated and removed features of IBM Business Process Manager V8.5.7"", it does not provide information about the specific file db2jcc.jar. 

The other documents ([1], [2], [3], [4]) provide links to download the cumulative fix, but they do not contain any information about the removal of the db2jcc.jar file. 

Therefore, the provided documents do not contain enough information to answer the question about why the file db2jcc.jar is missing after an upgrade to BPM V8.5.7 CF2016.12."
31,customer_support,JS-CS-70b,meta-llama/llama-3.3-70b-instruct,meta-llama/llama-3.3-70b-instruct,0.0,0.0,0.0,1,0.0,0.0,1.0,0,0,0,"The documents are missing some of the information required to answer the question.

The provided context documents discuss cross-certification of domains, one-way domain access, and SMTP traffic, but they do not mention Multi-Protocol Gateways (MPGWs) or FSH ( likely a server or service). The question is about the unexpected traffic behavior across domains with MPGWs and FSH servers, which is not addressed in the given documents. Therefore, I cannot provide a definitive answer based on the information provided."
32,customer_support,JS-CS-70b,meta-llama/llama-3.3-70b-instruct,meta-llama/llama-3.3-70b-instruct,0.5714285714285714,0.8571428571428571,1.0,0,0.0,0.0,1.0,0,0,0,"To answer the question, let's analyze the information provided in the context documents and the question itself.

The question mentions an error when trying to save an application in APMUI, specifically stating that the application repository is not available. It also provides details about the ports used by the SCR server and how APMUI is referring to it.

Looking at the context documents:

- Document [0] provides the environment details, which is APMUI v7.7 IF02, but the question specifies the use of APMUI 7.7 IF1, indicating a potential version mismatch or an intermediate step in troubleshooting or updating.
  
- Document [1] mentions a ""Dataprovider error"" and suggests applying APMUI v7.7 IF02 as part of the recreation procedure, which might imply that updating could resolve some issues but does not directly address the port discrepancy or the application repository availability.

- Document [2] shows a log message about processing an included configuration resource, which does not directly relate to the error message about the application repository or the port issue.

- Document [3] recommends applying APMUI 7.7 IF0003 when available, suggesting that there might be known issues in the current version being used (APMUI 7.7 IF1) that could be resolved with an update.

- Document [4] discusses installing a new APMUI keystore, which does not directly relate to the issue of saving an application or the discrepancy in ports.

Given the information, the error ""CTGAZ0001E: The "
33,customer_support,JS-CS-70b,meta-llama/llama-3.3-70b-instruct,meta-llama/llama-3.3-70b-instruct,1.0,0.6,0.6,1,0.0,0.0,1.0,1,0,0,"The documents are missing some of the information required to answer the question. 

The provided context documents do not mention ""insecure file permission vulnerability (CVE-2017-1699)"" or any details related to this specific vulnerability. They do discuss other vulnerabilities, such as a symlink attack in documents [1] and [4], and an ICU4C overflow vulnerability in document [2], but they do not provide information about the vulnerability mentioned in the question. 

Therefore, I cannot provide the details regarding the Security Bulletin for the specified vulnerability based on the given context documents."
34,customer_support,JS-CS-70b,meta-llama/llama-3.3-70b-instruct,meta-llama/llama-3.3-70b-instruct,0.7777777777777778,0.6666666666666666,0.8571428571428571,1,0.02830188679245283,0.025157232704402517,0.8888888888888888,0,0,0,"To answer the question, I will examine the provided context documents. 

The question asks about additional steps to apply a fix pack to Decision Center after installing the fix pack with Installation Manager, specifically when upgrading ODM 8.8.1 Decision Center to the latest 8.8.1.3.

Document [0] mentions using the option ""-installDirectory <install path of ODM 8.5.1>"" to update a specific installation and notes that if you update only Decision Server or Decision Center, you should specify the repository accordingly. However, this document does not provide specific steps for Decision Center after installing a fix pack with Installation Manager.

Document [1] and [2] provide links to fix packs for different versions of Operational Decision Manager but do not offer instructions on applying fix packs to Decision Center.

Document [3] gives general instructions on how to install a fix pack, stating, ""If you are not installing both components, skip the instructions regarding Decision Center or Decision Server."" This implies that there might be specific instructions for Decision Center, but it does not provide them.

Document [4] discusses when and how to apply modifications or fix packs to JRules or Operational Decision Management installations but does not provide specific steps for applying a fix pack to Decision Center after installation with Installation Manager.

Given the information in the documents, there is no explicit mention of additional steps to apply a fix pack to"
35,customer_support,JS-CS-70b,meta-llama/llama-3.3-70b-instruct,meta-llama/llama-3.3-70b-instruct,0.5833333333333334,0.25,0.42857142857142855,1,0.009868421052631578,0.003289473684210526,0.3333333333333333,1,0,0,"To answer this question, we need to look at the information provided in the context documents. 

According to document [3], ""Starting with V8.0 and applicable to all subsequent releases and fixpacks, there is one install package that contains updates for both WebSphere Application Server and Java SDK."" This indicates that the change occurred starting with WebSphere Application Server Version 8.0.

Additionally, document [3] also mentions that ""Applying fixpacks of WebSphere Application Server also upgrades the SDK that is packaged and bundled within the fixpack."" This suggests that prior to Version 8.0, there were separate fixpacks for WebSphere Application Server and Java SDK, which is consistent with the user's experience of using Update Installer to install fixpacks independently for WebSphere and JDK.

Document [2] provides further evidence of the separate fixpacks for Version 7.x, as it mentions using the Update Installer to remove fixes applied to Version 1.0.0.x of the Feature Pack for SCA before updating to Version 1.0.1.0.

Therefore, based on the information in the context documents, the change from using Update Installer to Installation Manager with a single package containing both WebSphere Application Server and Java SDK fixpacks occurred starting with WebSphere Application Server Version 8.0."
36,customer_support,JS-CS-70b,meta-llama/llama-3.3-70b-instruct,meta-llama/llama-3.3-70b-instruct,0.6666666666666666,0.3333333333333333,0.5,1,0.24206349206349206,0.0,0.0,0,0,0,"To find the details regarding the Security Bulletin: Multiple vulnerabilities in IBM Java Runtime affect WebSphere Message Broker and IBM Integration Bus, we can refer to the provided context documents. 

In document [1], it is mentioned: ""For vulnerabilities details, see the security bulletin Multiple vulnerabilities in IBM Java Runtime affect IBM Integration Bus and WebSphere Message Broker [http://www.ibm.com/support/docview.wss?uid=swg21697107].""

Additionally, document [2] provides another URL for the same purpose: ""Security Bulletin: Multiple vulnerabilities in IBM Java Runtime affect WebSphere Message Broker and IBM Integration Bus (CVE-2016-3485) http://www.ibm.com/support/docview.wss?uid=swg21994213"".

Therefore, the information regarding the Security Bulletin can be found at the URLs provided in documents [1] and [2]: http://www.ibm.com/support/docview.wss?uid=swg21697107 and http://www.ibm.com/support/docview.wss?uid=swg21994213."
37,customer_support,JS-CS-70b,meta-llama/llama-3.3-70b-instruct,meta-llama/llama-3.3-70b-instruct,0.6923076923076923,0.3076923076923077,0.4444444444444444,0,0.0,0.0,1.0,0,0,0,"To answer this question, we need to analyze the given context documents and the error message provided in the question.

The error message indicates that there is an issue with the port number 6002, which is being used to get the status of the system. However, the port range set is 7000-8000. 

According to document [0], ""If you find any of the ports in the port block (starting port + 20) are in use, you should specify a different starting port for a port block that is not currently in use to prevent application server start up issues due to port conflicts."" 

Document [3] also mentions that ""A port block of 21 ports from the starting port specified will be allocated to the WAS Profile. This port block (starting port + 20) cannot be in use by another application or IBM i job.""

Given that the port range is set to 7000-8000, it seems that the starting port is 7000. However, the error message is complaining about port 6002, which is outside of this range. 

Document [2] suggests setting a starting port number that is out of range of any ports that other installations use. 

Since v8.4 is also installed on the same server, it's possible that it's using a port range that includes 6002, which is causing the conflict.

The documents are missing some of the information required to answer the question, such as the port range used by v8.4 and how the port 6002 is being used by the system."
38,customer_support,JS-CS-70b,meta-llama/llama-3.3-70b-instruct,meta-llama/llama-3.3-70b-instruct,0.6,0.9,1.0,1,0.013761467889908258,0.009174311926605505,0.3333333333333333,1,0,0,"To answer the question, let's analyze the information provided in the context documents.

The question mentions that after upgrading to CICS TS 5.2, the CICS region is failing during startup with messages DFHAP1203I and DFHSR0601, and a system dump shows an abend 0C1 occurring in the Debug Tool for z/OS module EQA10OSM.

Document [2] provides information about the message DFHSR0601, stating ""DFHSR0601 Program interrupt occurred with system task III in control."" However, it does not provide a specific cause for this message.

Document [1] mentions that after upgrading to a new release of z/OS and CICS Transaction Server, the system fails to initialize, but it does not provide specific information about the upgrade to CICS TS 5.2 or the messages DFHAP1203I and DFHSR0601.

Document [3] describes a similar issue after upgrading to CICS TS V3.2, where the region takes a dump when control is given to CICS, and message DFHAP0001 is received. However, this document does not provide information about the upgrade to CICS TS 5.2 or the specific messages mentioned in the question.

Document [0] provides information about messages DFHSR0622 and DFHSR0601, but it does not relate to the upgrade to CICS TS 5.2 or the specific issue described in the question.

Based on the information provided in the context documents, there is no specific explanation for why the CICS region is failing during startup with messages DFHAP1203I and DFHSR0601 after upgrading to CICS TS 5.2. The documents do not p"
39,customer_support,JS-CS-70b,meta-llama/llama-3.3-70b-instruct,meta-llama/llama-3.3-70b-instruct,0.625,0.5,0.8,0,0.06363636363636363,0.01818181818181818,0.2857142857142857,1,0,0,"Based on the provided context documents, the error message ""java.lang.NullPointerException"" is occurring when bootstrapping the object store or accessing Site Preferences/Access Role on Workplace XT. 

The error stack trace provided in the question is similar to the one mentioned in document [1] and [4], which also reports a java.lang.NullPointerException error. 

However, the documents do not provide a specific solution or cause for this error. They only describe the symptoms and the error stack trace. 

Therefore, based on the information provided in the documents, the answer to the question is that the error is occurring due to a NullPointerException, but the exact cause and solution are not specified in the documents. 

The documents are missing some of the information required to answer the question, such as the root cause of the NullPointerException and the steps to resolve it."
40,customer_support,JS-CS-70b,meta-llama/llama-3.3-70b-instruct,meta-llama/llama-3.3-70b-instruct,0.42857142857142855,0.42857142857142855,1.0,0,0.11797752808988764,0.03932584269662921,0.3333333333333333,1,0,0,"To answer the question, let's analyze the information provided in the context documents.

First, the question asks if the BPM internal Document Store works with IBM DB2 pureScale. Although the documents do not directly state that the BPM internal Document Store works with IBM DB2 pureScale, document [0] mentions the need to propagate updates to the ""IBM BPM document store,"" which implies its existence and relevance in an IBM BPM environment. However, it does not explicitly mention compatibility with DB2 pureScale.

Regarding the issue of hanging threads during startup and initialization of the internal document store when using IBM DB2 pureScale, document [4] provides a clue. It mentions ""lock timeouts"" that can occur during the FileNet CM addon installation when using DB2 pureScale. Although this document does not directly address the issue of hanging threads during server startup and document store initialization, it suggests that having multiple DB2 pureScale members active can cause issues.

The solution provided in document [4] for avoiding lock timeouts during addon installation is to have only a single DB2 pureScale member active during the installation process. This implies that having multiple active members can cause problems, which might be related to the hanging threads issue described in the question.

Given this information, it seems plausible that the hanging threads issue during server startup and document store initialization could be related to the use of mu"
41,customer_support,JS-CS-70b,meta-llama/llama-3.3-70b-instruct,meta-llama/llama-3.3-70b-instruct,1.0,0.625,0.625,0,0.14,0.0,0.0,0,0,0,"To find the information regarding the Security Bulletin that WebSphere Message Broker (WMB) and IBM Integration Bus (IIB) are affected by an 'Information Disclosure' vulnerability, we need to look at the provided context documents.

The first document [0] mentions that WMB and IIB are affected by an Open Source Apache Tomcat vulnerability but does not provide specific details about the 'Information Disclosure' vulnerability.

However, documents [1], [2], and [3] provide information about specific 'Information Disclosure' vulnerabilities in WebSphere Application Server, which might be related to WMB and IIB, given the context of document [0]. These documents point to specific security bulletins for vulnerabilities CVE-2017-1381, CVE-2017-1681, and CVE-2017-1743, respectively.

Document [4] also mentions 'Information disclosure in WebSphere Application Server (CVE-2017-1381)' and provides a link to the security bulletin for more details.

Since the question specifically asks about WMB and IIB being affected by an 'Information Disclosure' vulnerability, and given that the provided documents do not directly link WMB and IIB to these specific vulnerabilities but imply a relationship through the mention of WebSphere Application Server, we can infer that the information might be related but is not directly provided in the context of WMB and IIB.

Therefore, based on the information given in the documents, the details regarding the specific 'Information Disclosure' vulnerability affe"
42,customer_support,JS-CS-70b,meta-llama/llama-3.3-70b-instruct,meta-llama/llama-3.3-70b-instruct,0.6,0.2,0.3333333333333333,1,0.0071174377224199285,0.0035587188612099642,0.5,0,0,0,"To answer this question, we need to look at the information provided in the context documents. 

According to document [0], ""Transient user support has been introduced for SAML TAI starting with Cumulative Fix (CF) #8 for 8.5."" This implies that transient user support for SAML TAI is available, but it is specifically mentioned for version 8.5, not 8.0.

There is no information in the provided documents that explicitly states transient user support for SAML integration is available for WebSphere Portal 8.0. 

The documents are missing some of the information required to answer the question."
43,customer_support,JS-CS-70b,meta-llama/llama-3.3-70b-instruct,meta-llama/llama-3.3-70b-instruct,0.42857142857142855,0.42857142857142855,1.0,0,0.05489260143198091,0.021479713603818614,0.391304347826087,1,0,0,"To answer the question, let's analyze the information provided in the context documents.

The user is experiencing a `java.io.NotSerializableException` in WebSphere Application Server (WAS) and sees the error message `WTRN0047E: java.io.NotSerializableException`. 

According to document [2], when Persistent sessions or PMI is enabled and a `Java.io.NotSerializableException` occurs in logs, the error message `WTRN0047E: java.io.NotSerializableException` is seen. This suggests that the issue is related to the enablement of Persistent sessions or PMI.

Document [4] also mentions that when Persistent sessions or PMI is enabled and a `Java.io.NotSerializableException` occurs, a similar error message is seen.

Therefore, based on the information in the documents, it appears that the `java.io.NotSerializableException` is likely related to the enablement of Persistent sessions or PMI in WAS. 

However, the documents do not provide a specific solution to the problem. They only describe the error message and the conditions under which it occurs. 

The documents are missing some of the information required to answer the question, such as the cause of the exception and how to resolve it."
44,customer_support,JS-CS-70b,meta-llama/llama-3.3-70b-instruct,meta-llama/llama-3.3-70b-instruct,0.7142857142857143,0.7142857142857143,1.0,0,0.03636363636363636,0.02727272727272727,0.75,1,0,0,"The documents do not provide a direct answer to the question of why the JVMSERVER remains in a ""BEING DISABLED"" state. 

Although document [0] mentions that the JVMSERVER is DISABLED because the Language Environment Enclave was not created, this does not directly address the issue of the JVMSERVER becoming hung and remaining in a ""BEING DISABLED"" state when trying to disable it.

Documents [1], [2], [3], and [4] provide information on how to disable and enable the JVMSERVER resource, but they do not explain why the JVMSERVER might become stuck in a ""BEING DISABLED"" state.

Therefore, the answer to the question is: The documents are missing some of the information required to answer the question."
45,customer_support,JS-CS-70b,meta-llama/llama-3.3-70b-instruct,meta-llama/llama-3.3-70b-instruct,1.0,0.5,0.5,1,0.6176470588235294,0.14705882352941177,0.23809523809523808,1,0,0,"The documents provided do not mention the specific CVE IDs you are asking about (CVE-2017-14739, CVE-2017-14741, CVE-2017-14989, CVE-2017-15015, CVE-2017-15016, CVE-2017-15017, CVE-2017-15032, CVE-2017-15033). 

The documents mention several other CVE IDs that are related to security vulnerabilities in Red Hat Linux for IBM Integration Bus Hypervisor Edition V9.0 and WebSphere Message Broker Hypervisor Edition V8.0, such as CVE-2017-2619, CVE-2017-5509, CVE-2017-5510, CVE-2017-7275, CVE-2016-10228 (document [1]), CVE-2016-5010, CVE-2016-7906, and many others (document [2]), CVE-2017-15217, CVE-2017-15218 (document [3]), and CVE-2015-7547 (document [4]). 

However, since the specific CVE IDs you are asking about are not mentioned in the documents, I must conclude that the documents are missing some of the information required to answer the question."
46,customer_support,JS-CS-70b,meta-llama/llama-3.3-70b-instruct,meta-llama/llama-3.3-70b-instruct,0.875,0.625,0.7142857142857143,1,0.11428571428571428,0.11428571428571428,1.0,1,0,0,"To find the information regarding ""Security Bulletin: TLS padding vulnerability affects IBM PureApplication System (CVE-2014-8730)"", we can look at the provided context documents. 

Document [1] mentions ""SECURITY BULLETIN SUMMARY Transport Layer Security (TLS) padding vulnerability via a POODLE (Padding Oracle On Downgraded Legacy Encryption) like attack affects IBM PureApplication System."" This indicates that the system is affected by the vulnerability but does not provide detailed information about the security bulletin itself.

Document [3] also mentions the same information as Document [1], stating ""Transport Layer Security (TLS) padding vulnerability via a POODLE (Padding Oracle On Downgraded Legacy Encryption) like attack affects IBM PureApplication System. VULNERABILITY DETAILS CVEID: CVE-2014-8730"". It provides a link to the CVE details but does not directly link to a security bulletin for IBM PureApplication System.

Document [4] provides more details about the vulnerability, stating ""IBM PureApplication Server bundles IBM HTTP Server, which could allow a remote attacker to obtain sensitive information, caused by the failure to check the contents of the padding bytes when using CBC cipher suites of some TLS implementations."" However, it does not directly point to a specific security bulletin for IBM PureApplication System.

Document [0] refers to a security bulletin for IBM HTTP Server (CVE-2014-8730) and provides a link to it: ""http://www.ibm.com/support/docview.ws"
47,customer_support,JS-CS-70b,meta-llama/llama-3.3-70b-instruct,meta-llama/llama-3.3-70b-instruct,0.3333333333333333,0.3333333333333333,1.0,1,0.04918032786885246,0.0,0.0,0,0,0,"The documents provided do not specifically mention the files created in $TEMP on startup of IIB or WMB, except for a mention of a temporary directory in document [2]. However, this document does not provide a list of files created.

Document [2] mentions that ""On startup, ICN sets the variable ENGINE_TEMPDIR which defines a temporary directory"", but it does not provide information about the specific files created in this directory.

The example provided in the question itself lists some files that are created in the $TEMP/.com_ibm_tools_attach directory, but this information is not present in the provided documents.

Therefore, based on the information available in the documents, the answer to the question is: 

The documents are missing some of the information required to answer the question."
48,customer_support,JS-CS-70b,meta-llama/llama-3.3-70b-instruct,meta-llama/llama-3.3-70b-instruct,0.5714285714285714,0.8571428571428571,1.0,0,0.00816326530612245,0.012244897959183673,0.5,1,0,0,"To answer the question, we need to examine the provided context documents for information about the IBM DataPower Gateway Appliance and its support for the HTTP CONNECT method, particularly for SSL proxy requests.

Document [0] mentions configuring an IBM WebSphere DataPower SOA Appliance Service to proxy an SSL request to a remote proxy server using the CONNECT method for SSL tunneling. This implies that the IBM WebSphere DataPower SOA Appliance supports the HTTP CONNECT method for SSL proxy requests. However, it specifically refers to the ""IBM WebSphere DataPower SOA Appliance,"" not the ""IBM DataPower Gateway Appliance.""

Document [2] is titled ""Forward Proxy XMLFW MPGW CONNECT TUNNEL TECHNOTE (TROUBLESHOOTING)"" and mentions configuring an IBM WebSphere DataPower SOA Appliance Service to proxy an SSL request to a remote proxy server using the CONNECT method for SSL tunneling, similar to Document [0]. Again, this refers to the ""IBM WebSphere DataPower SOA Appliance,"" not directly to the ""IBM DataPower Gateway Appliance.""

The other documents ([1], [3], and [4]) do not provide direct information about the support of the HTTP CONNECT method by the IBM DataPower Gateway Appliance for SSL proxy requests. They discuss upgrade paths, fix packs for different DataPower versions, and do not specifically address the question of HTTP CONNECT method support.

Given the information provided, while the documents suggest that the IBM WebSphere DataPower SOA Appliance supports the HTTP CONN"
49,customer_support,JS-CS-70b,meta-llama/llama-3.3-70b-instruct,meta-llama/llama-3.3-70b-instruct,0.6428571428571429,0.35714285714285715,0.5555555555555556,0,0.05714285714285714,0.0380952380952381,0.6666666666666666,1,0,0,"To answer this question, we need to look at the information provided in the context documents. 

Document [0] mentions that ""Some customers successfully operate Datacap thick clients in remote sites using Citrix or other remote access technology."" However, it does not explicitly mention thin clients. 

Document [1] states that ""Remote users that access Datacap over a WAN can use Taskmaster Web-based 'thin clients', or FastDoc Capture operating in offline mode."" This implies that thin clients can be used by remote users, but it does not specifically mention Citrix.

Document [2] also mentions that some customers operate Datacap thick clients on Citrix, but again, it does not mention thin clients.

Document [3] mentions that if issues are encountered with Datacap clients on Citrix, the issues may need to be reproduced outside of Citrix, but it does not provide information about operating thin clients on Citrix.

Document [4] provides a best practice for deploying Datacap servers and clients on a WAN, which is to use Taskmaster Web-based ""thin clients"", or FastDoc Capture operating in offline mode for remote users, but it does not specifically address the use of Citrix.

Since none of the documents explicitly state that Datacap thin clients can or cannot be operated on Citrix, we cannot provide a definitive answer based on the information provided. 

The documents are missing some of the information required to answer the question."
50,customer_support,JS-CS-70b,meta-llama/llama-3.3-70b-instruct,meta-llama/llama-3.3-70b-instruct,0.6428571428571429,0.5714285714285714,0.8888888888888888,0,0.10661764705882353,0.029411764705882353,0.27586206896551724,1,0,0,"The documents do not explicitly mention the version ""v7.5.2"" or the specific reason for SSH connection failures after an upgrade to this version. However, based on the information provided in the documents, we can make some inferences.

Document [0] mentions that the upgrade to OpenSSH 6.9p1 was necessary to fix several published CVE vulnerabilities and ensure PCI compliance. It also mentions that if the SSH client/SSH server is older and does not yet support the safer ciphers and MACs, the connection will fail.

Document [1] states that applying PTFs to 5733SC1 (OpenSSH) can cause SSH/SFTP/SCP connections to fail with error messages regarding non-matching ciphers, especially when the partner SSH server or client is running a very old version of the SSH/OpenSSH code.

Document [2] explains that the full set of algorithms remains available if configured explicitly via the Ciphers and MACs sshd_config options. However, if the SSH client/SSH server is older and does not support the safer ciphers and MACs, the connection will fail.

Given that the same configuration works on v7.2, it is possible that the upgrade to v7.5.2 and above introduced changes to the default ciphers and MACs used by the SSH client/server, which may not be compatible with older versions of the SSH client/server. This is consistent with the information provided in documents [0], [1], and [2].

Therefore, the likely reason for SSH connection failures after the upgrade to v7.5.2 and above is that the newer ver"
51,customer_support,JS-CS-70b,meta-llama/llama-3.3-70b-instruct,meta-llama/llama-3.3-70b-instruct,0.42857142857142855,0.14285714285714285,0.3333333333333333,1,0.14754098360655737,0.14754098360655737,1.0,1,0,0,"The documents provided do not mention the issue of App Connect Professional (formerly Cast Iron) Studio crashing after a few seconds with no error message or warning. 

Document [3] mentions an issue with ""Unable to open project in Cast Iron Live Web Start Studio"", but it does not describe the studio crashing after launching. 

Therefore, based on the information provided in the documents, I must conclude that the documents are missing some of the information required to answer the question."
52,customer_support,JS-CS-70b,meta-llama/llama-3.3-70b-instruct,meta-llama/llama-3.3-70b-instruct,1.0,0.8333333333333334,0.8333333333333334,0,0.07261410788381743,0.03941908713692946,0.5428571428571428,0,0,0,"To address the issue of MQ jobs and some user jobs being in a semaphore wait (SEMW) status after upgrading WebSphere MQ (WMQ) on IBM i, we need to consider the information provided in the context documents.

First, document [0] mentions that many jobs, including MASTER, DMPSRV, CONSOLE, OMVS, JES2, and user jobs such as brokers, were in an ENQ wait, which is related to the issue of jobs waiting for resources. Although it specifically mentions an ""ENQ wait"" rather than a ""semaphore wait,"" the concept of waiting for resources is similar.

Document [1] and [2] discuss the allocation of semaphore IDs and the potential for clashes with other software, which could lead to WebSphere MQ trace functionality becoming disabled. These documents imply that semaphore issues can arise from conflicts with other software using the same IDs.

Given the context, the semaphore wait issue could be related to conflicts or misallocations of semaphore IDs, especially considering the upgrade of WMQ, which might have introduced changes in how these IDs are allocated or used.

Document [3] and [4] point towards obtaining the latest maintenance from 'WebSphere MQ Recommended Fixes' as a potential solution for issues related to WebSphere MQ, including those that might cause jobs to wait.

Based on this analysis, the first step would be to check for any potential conflicts with semaphore IDs used by WebSphere MQ and other software on the system, as hinted at in documents [1] and [2]. Additionally, ensurin"
53,customer_support,JS-CS-70b,meta-llama/llama-3.3-70b-instruct,meta-llama/llama-3.3-70b-instruct,0.8333333333333334,0.6666666666666666,0.8,1,0.07853403141361257,0.005235602094240838,0.06666666666666667,0,0,0,"The documents provided do not mention the availability of a developer edition for WebSphere Application Server 9.0.0.4. 

Document [0] mentions the upgrade process for WebSphere Application Server For V9.0.0.0 through 9.0.0.4, but it does not specify the availability of a developer edition. 

Document [2] and [3] describe the download process for WebSphere Application Server for Developers Version 7.0, which is a different version than the one you are asking about.

Document [1] lists various fix packs, including some for WebSphere Application Server, but it does not provide information about the availability of a developer edition for version 9.0.0.4.

Therefore, based on the information provided in the documents, I must conclude that the documents are missing some of the information required to answer the question."
54,customer_support,JS-CS-70b,meta-llama/llama-3.3-70b-instruct,meta-llama/llama-3.3-70b-instruct,0.0,0.0,0.0,1,0.0,0.0,1.0,0,0,0,"The documents are missing some of the information required to answer the question.

The provided context documents discuss ODR server configuration problems, specifically issues with proxy port mapping and HTTP plugin load failure due to an extra leading forward slash. However, they do not mention anything about an ODR OOM (Out of Memory) issue or upgrading WAS (WebSphere Application Server) to version 8553. Therefore, I cannot find any relevant information in the documents to answer the question about a known issue with ODR OOM after upgrading WAS."
55,customer_support,JS-CS-70b,meta-llama/llama-3.3-70b-instruct,meta-llama/llama-3.3-70b-instruct,0.6666666666666666,0.2222222222222222,0.3333333333333333,1,0.0,0.0,1.0,0,0,0,"The documents provided do not mention the specific Security Bulletin ""MQ Explorer directory created with owner '555' on Linux x86-64 vulnerability affects IBM MQ (CVE-2016-6089)"". 

The documents mention other security bulletins and vulnerabilities, such as CVE-2015-7575, but not CVE-2016-6089. 

Therefore, the answer is: The documents are missing some of the information required to answer the question."
56,customer_support,JS-CS-70b,meta-llama/llama-3.3-70b-instruct,meta-llama/llama-3.3-70b-instruct,1.0,1.0,1.0,1,0.050505050505050504,0.0,0.0,0,0,0,"To resolve the error CRIMC1020E during the BPM 7.5.1.2 Fix Pack installation, we need to understand the nature of the error and the requirements for the installation. The error message indicates that certain features or files, such as `zip im.properties 1.0.0.200911091101` and `zip config.registry 1.0.0.200911092301`, are not found. This suggests that the installation manager is unable to locate necessary components required for the installation of the fix pack.

Looking at the provided context documents, document [0] and [1] mention similar errors (CRIMC1020E) related to missing features, which implies that the issue might be related to missing or unavailable installation files or features. However, these documents do not provide a direct solution to the problem.

Document [2] mentions a directory containing fix pack images for all operating systems and platforms, including `was.7.0.0.33.fp.all_Part1of2.zip`. This could be relevant because the error occurs during a fix pack installation, and the document points to a location where fix pack repository images can be downloaded. However, it does not directly address the issue of missing `zip im.properties` or `zip config.registry` files.

Document [3] discusses where customers can download WebSphere Application Server version 7.0 fix pack repository images to upgrade their installations using IBM Installation Manager. It implies that having the correct fix pack repository images is crucial for a successful installation. 

Docum"
57,customer_support,JS-CS-70b,meta-llama/llama-3.3-70b-instruct,meta-llama/llama-3.3-70b-instruct,0.625,0.5,0.8,0,0.03424657534246575,0.03424657534246575,1.0,1,0,0,"To answer the question, we need to analyze the context documents provided. 

The error message ""Tool in menu but not found"" is mentioned in document [3] and [4]. Document [3] describes a scenario where this error occurs when running `nco_confpack` with the `-list` option, and it specifically mentions the error message ""Tool in menu but not found, menu: AlertsMenu, tool: CLEAR_LWY"". 

Document [4] also mentions this error message, but it does not provide a specific cause for the error.

However, document [2] provides some insight into how `nco_confpack` works. It states that ""The menus and menu items are tracked by constructing a menu tree, starting from the root. Then the complete path is then used as the key."" This suggests that `nco_confpack` relies on the menu structure and names to identify tools and menus.

Given this information, we can infer that the error ""Tool in menu but not found"" might occur when `nco_confpack` is unable to find a tool that is referenced in a menu. This could be due to a mismatch between the menu structure and the actual tools available.

The documents do not provide a direct answer to why `nco_confpack -export` fails with this message, but based on the information in document [3] and [4], it seems that the issue is related to the tool ""Close"" being referenced in the ""AlertsMenu"" but not being found.

Therefore, the answer to the question is that the error ""Tool in menu but not found"" occurs when `nco_confpack` is unable to find a tool that is ref"
58,customer_support,JS-CS-70b,meta-llama/llama-3.3-70b-instruct,meta-llama/llama-3.3-70b-instruct,0.7777777777777778,0.6666666666666666,0.8571428571428571,0,0.06542056074766354,0.028037383177570093,0.42857142857142855,1,0,0,"To address the issue where the Content Engine System Health Page is not reflecting correctly, with both Fixed Content Devices and Storage Areas showing as unavailable (indicated by red icons instead of checkmark green icons), we need to consider the information provided in the context documents.

First, document [0] mentions that the Content Engine Health Page provides the status for different areas of the FileNet P8 system and notes that both Fixed Content Devices and Storage Areas may display red icons instead of checkmark green icons, which is the symptom described in the question.

Document [1] reiterates the role of the Content Engine Health Page but does not provide a direct solution to the problem of Storage Areas being unavailable.

Document [2] explains a consequence of a storage area becoming offline or unavailable, which is that ingested documents are created unfiled and with minor version numbers. However, it does not directly address how to resolve the issue of the Content Engine System Health Page not reflecting the correct status.

Document [3] describes a symptom similar to the one in the question, where red icons are displayed next to Fixed Content Devices and Storage Areas, even though users can add and access content. This suggests that the issue might not be with the functionality of these components but rather with how their status is being reported on the Health Page.

Document [4] provides a potential solution by suggesting the creation of a Fixed Conte"
59,customer_support,JS-CS-70b,meta-llama/llama-3.3-70b-instruct,meta-llama/llama-3.3-70b-instruct,0.875,0.375,0.42857142857142855,1,0.027149321266968326,0.027149321266968326,1.0,1,0,0,"To find the information regarding the Security Bulletin: Multiple Vulnerabilities identified in IBM Java SDK that affect WebSphere Service Registry and Repository (WSRR) and WebSphere Service Registry and Repository Studio, we can refer to the provided context documents.

According to document [0], for vulnerability details and information about fixes addressed by WebSphere Application Server shipped with WebSphere Service Registry and Repository, we should refer to the Security Bulletin: Multiple Vulnerabilities in IBM Java SDK affects WebSphere Application Server January 2018 CPU, which can be found at [http://www.ibm.com/support/docview.wss?uid=swg22013818](http://www.ibm.com/support/docview.wss?uid=swg22013818).

Document [1] mentions that the issues, including the vulnerabilities in IBM SDK Java Technology Edition, Version 6 used by WSRR and WSRR Studio, were disclosed as part of the IBM Java SDK updates in January 2018. It also states that these issues are addressed by WebSphere Application Server Network Deployment shipped with WSRR.

Given that the question specifically asks about the details regarding the Security Bulletin related to multiple vulnerabilities in IBM Java SDK affecting WSRR and WSRR Studio, and mentions a CVEID (CVE-2018-2633), the most direct source of information would be the Security Bulletin referenced in document [0]. However, the documents provided do not directly mention CVE-2018-2633 or its specifics.

Therefore, to get detailed information abo"
60,customer_support,JS-CS-70b,meta-llama/llama-3.3-70b-instruct,meta-llama/llama-3.3-70b-instruct,0.6153846153846154,0.38461538461538464,0.625,0,0.21839080459770116,0.04597701149425287,0.21052631578947367,1,0,0,"To upgrade your virtual DataPower Appliance from 5.0 firmware to 6.0+ firmware, you need to follow specific steps and considerations as outlined in the provided context documents. 

First, it's crucial to note that ""you must install the 5.0.0.8 or later fix pack to upgrade to 6.0.0.0 or later"" as stated in document [2]. This implies that being on 5.0.0.8 or a later fix pack is a prerequisite for the upgrade to 6.0.0.0 or later versions. Since you are already on 5.0.0.8, you meet this requirement.

However, the documents do not provide a direct, step-by-step guide on how to perform the upgrade from 5.0.0.8 to 6.0+ firmware versions. They do mention the importance of the 5.0.0.8 fix pack for allowing the larger sized firmware image to fit, which is necessary for the upgrade to 6.0.0.0 or later.

For specific instructions on upgrading firmware, document [4] refers to the ""Upgrade Knowledge Collection"" at [http://www.ibm.com/support/docview.wss?uid=swg27015333&loc=en_US&cs=utf-8&lang=en], which suggests that detailed upgrade procedures can be found there.

Given the information in the documents, it seems that the failure message you're receiving when attempting to upgrade could be due to not following the correct upgrade procedure or possibly not having the correct prerequisites in place, despite being on the 5.0.0.8 fix pack. The documents emphasize the importance of the 5.0.0.8 fix pack but do not detail the exact steps for the upgrade process to 6.0+ firmware.

Therefore, to s"
61,customer_support,JS-CS-70b,meta-llama/llama-3.3-70b-instruct,meta-llama/llama-3.3-70b-instruct,0.75,0.125,0.16666666666666666,1,0.1297709923664122,0.03816793893129771,0.29411764705882354,1,0,0,"To prevent rule execution from failing due to recurrent StaleConnectionException on ODM 8.8 Rule Execution Server, we need to look at the provided context documents for a solution. 

Document [4] provides a direct approach to resolving the problem by configuring the WebSphere Application Server data source connection pool. It suggests setting the ""Minimum connections"" to 0. This setting is recommended to avoid situations where a connection is kept in the pool to meet the minimum requirement, even though it may have been idle for longer than the Unused timeout. 

By following the instructions in document [4] and adjusting the WebSphere Application Server data source connection pool settings, it should be possible to eliminate or reduce the occurrences of StaleConnectionException, thereby preventing rule execution from failing due to this issue. 

Therefore, the answer to preventing rule execution from failing because of recurrent StaleConnectionException on ODM 8.8 Rule Execution Server is to configure the WebSphere Application Server data source connection pool by setting the Minimum connections to 0, as described in document [4]."
62,customer_support,JS-CS-70b,meta-llama/llama-3.3-70b-instruct,meta-llama/llama-3.3-70b-instruct,1.0,1.0,1.0,1,0.025510204081632654,0.015306122448979591,0.6,1,0,0,"To answer this question, let's analyze the information provided in the context documents.

Document [0] states that ""IBM Content Navigator v2.0.3 is adding a .dat extension to a CSV document during Download action on the document."" This indicates the symptom but does not provide the reason.

Document [1] mentions the same issue but frames it as a problem to be troubleshooted, without providing a solution or reason.

Document [2] suggests that the issue of appending a .dat file extension has been addressed in IBM Content Navigator V2.0.3, but it does not specify why the .dat extension is added in the first place.

Document [3] provides a scenario where IBM Content Navigator appends the .dat file extension when downloading a Microsoft InfoPath file, but it does not directly relate to CSV files.

Document [4] talks about XSN files being downloaded with a .dat extension, which is also not directly related to CSV files.

None of the documents provide a clear reason why IBM Content Navigator v2.0.3 is adding a .dat extension to a CSV file during the download action. They either describe the symptom or mention the issue in the context of other file types.

Therefore, based on the information provided in the documents, the answer to why IBM Content Navigator v2.0.3 is adding a .dat extension to a CSV file during the download action is not explicitly stated. 

The documents are missing some of the information required to answer the question."
63,customer_support,JS-CS-70b,meta-llama/llama-3.3-70b-instruct,meta-llama/llama-3.3-70b-instruct,0.375,0.5,1.0,1,0.004098360655737705,0.004098360655737705,1.0,1,0,0,"To answer the question, we need to look for the latest version of the Log File Agent mentioned in the context documents.

Document [0] mentions ""Tivoli Log File Agent, Version 6.2.3.2 Interim Fix 07"" which is ""6.2.3.2-TIV-ITM_LFA-IF0007"". This suggests that the version of the Log File Agent is at least 6.2.3.2.

Document [1] mentions a different product, ""Sterling Connect:Direct File Agent"", with version ""1.4.0.0_iFix20"". This is not relevant to the Log File Agent.

Document [2] mentions ""Log File Agent 6.2.3 FP1"", which is another version of the Log File Agent.

Document [4] mentions ""Log File Agent, v6.3 (CIGM5ML)"", which is a later version than the ones mentioned in documents [0] and [2].

Based on the information provided, the latest version of the Log File Agent mentioned in the documents is ""v6.3"" from document [4]. 

The documents do provide enough information to answer the question. The latest version of the Log File Agent is v6.3."
64,customer_support,JS-CS-70b,meta-llama/llama-3.3-70b-instruct,meta-llama/llama-3.3-70b-instruct,0.0,0.0,0.0,1,0.0,0.0,1.0,0,0,0,"The documents are missing some of the information required to answer the question.

The provided context documents do not mention anything about enabling applications to show up in the App Health view for the WAS agent. They seem to be related to general navigation and configuration steps, but do not provide specific instructions for the App Health view or the WAS agent. Therefore, I cannot provide a step-by-step answer to the question based on the given documents."
65,customer_support,JS-CS-70b,meta-llama/llama-3.3-70b-instruct,meta-llama/llama-3.3-70b-instruct,0.8,0.7,0.875,1,0.09448818897637795,0.007874015748031496,0.08333333333333333,0,0,0,"The documents provided do not mention a specific scenario where the abend 0C4/AKEA occurs at offset X'3A1E' in DFHTSPT. However, they do describe similar abend 0C4/AKEA scenarios in different programs, such as DFHSOIS, DFHECID, and DFHRCEX.

Document [0] mentions that the abend 0C4/AKEA occurs at offset X'FFFF' in DFHSOIS when statistics are taken and security is active. Document [1] mentions an abend 0C4/AKEA at offset X'B0E' in program DFHECID. Document [2] and [3] mention an abend 0C4/AKEA in DFHRCEX. Document [4] also mentions an abend 0C4/AKEA at offset X'FFFF' in DFHSOIS.

Since the documents do not provide information about the specific offset X'3A1E' in DFHTSPT, we cannot determine the exact cause of the abend 0C4/AKEA in this scenario.

The documents are missing some of the information required to answer the question."
66,customer_support,JS-CS-70b,meta-llama/llama-3.3-70b-instruct,meta-llama/llama-3.3-70b-instruct,1.0,1.0,1.0,0,0.013404825737265416,0.00804289544235925,0.6,1,0,0,"To answer the question, I will analyze the provided context documents.

The question mentions an error ""AMQ9640 SSLPEER peer name error"" which is related to an SSL connection issue in WebSphere MQ. 

Document [3] mentions ""DISTINGUISHED NAME (DN) FIELDS FAIL WEBSPHERE MQ VERIFICATION, THEREFORE SSL HANDSHAKE. PROBLEM CONCLUSION"" which implies that the issue is related to the verification of the Distinguished Name (DN) fields during the SSL handshake.

The error message provided in the question, ""AMQ9640: SSL invalid peer name, channel '?'"", also suggests that there is an issue with the peer name verification during the SSL handshake.

However, none of the documents provide a direct explanation for the ""AMQ9640 SSLPEER peer name error"" or the specific error message ""AMQ9640: SSL invalid peer name, channel '?'"". 

Therefore, based on the information provided in the documents, I can infer that the issue is related to the SSL peer name verification, but the exact reason for the error is not explicitly stated in the documents.

The documents are missing some of the information required to answer the question."
67,customer_support,JS-CS-70b,meta-llama/llama-3.3-70b-instruct,meta-llama/llama-3.3-70b-instruct,0.6666666666666666,0.6666666666666666,1.0,1,0.1643192488262911,0.03755868544600939,0.22857142857142856,1,0,0,"To answer the question, I will examine the provided context documents to see if they contain the required information.

The question is asking about ""Security Bulletin: Multiple vulnerabilities in IBM Java Runtime affect IBM Integration Bus and WebSphere Message Broker"" related to specific CVEs (CVE-2017-10115, CVE-2017-10116, CVE-2017-10109, CVE-2017-10108). 

Looking at the context documents, none of them mention the specific CVEs (CVE-2017-10115, CVE-2017-10116, CVE-2017-10109, CVE-2017-10108) mentioned in the question. 

However, documents [0], [1], [2], and [4] discuss security vulnerabilities in IBM Java Runtime Environment used by IBM Integration Bus and WebSphere Message Broker. 

Document [4] mentions that ""These issues were disclosed as part of the IBM Java SDK updates in Jul 2017"" which could be related to the CVEs mentioned in the question since they are from 2017. 

But, the documents do not provide specific information about the CVEs mentioned in the question.

Therefore, my answer is: The documents are missing some of the information required to answer the question."
68,customer_support,JS-CS-70b,meta-llama/llama-3.3-70b-instruct,meta-llama/llama-3.3-70b-instruct,0.14285714285714285,0.14285714285714285,1.0,1,0.017241379310344827,0.004310344827586207,0.25,1,0,0,"The documents do not provide information about the availability of ITCAM Agent for WebSphere Applications 7.2.0.0.7. 

The documents mention the required version of ITCAM Agent for WebSphere Applications as ""7.1 Fix Pack 2, interim fix 3, or higher"" in document [0], but they do not provide information about the availability of version 7.2.0.0.7. 

Therefore, the answer to the question is: The documents are missing some of the information required to answer the question."
69,customer_support,JS-CS-70b,meta-llama/llama-3.3-70b-instruct,meta-llama/llama-3.3-70b-instruct,0.7142857142857143,0.2857142857142857,0.4,0,0.017543859649122806,0.017543859649122806,1.0,1,0,0,"To answer the question, let's analyze the information provided in the context documents.

From document [1], it is stated that ""As of 4Q2015, RHEL7 64-bit has now been certified for use with ITCAM for J2EE v7.1.1.0.1 and higher."" This implies that RHEL7 64-bit is supported for ITCAM for J2EE versions 7.1.1.0.1 and higher.

However, the question is about ITCAM for J2EE 7.1.1.0, which is a lower version than 7.1.1.0.1. 

Document [3] provides information about the IBM Tivoli Composite Application Manager Agent for J2EE V7.1.1.0, Linux on x86, English, but it does not explicitly state that it is supported on RHEL7.x.

Given the error message ""install.sh failure: KCI1138E could not determine the machine's architecture"" when trying to install on RHEL 7.2 64-bits, it suggests that there might be an issue with the compatibility of ITCAM for J2EE 7.1.1.0 with RHEL7.x.

Based on the information provided in the documents, it can be inferred that ITCAM for J2EE 7.1.1.0.1 and higher are supported on RHEL7 64-bit, but there is no explicit information that confirms the support of ITCAM for J2EE 7.1.1.0 on RHEL7.x.

The documents are missing some of the information required to answer the question."
70,customer_support,JS-CS-70b,meta-llama/llama-3.3-70b-instruct,meta-llama/llama-3.3-70b-instruct,0.42857142857142855,0.42857142857142855,1.0,1,0.0,0.0,1.0,0,0,0,"The documents provided do not mention the specific Security Bulletin regarding the WebSphere Message Broker Toolkit and IBM Integration Toolkit being unable to connect to a remote WebSphere Message Broker broker or IBM Integration Bus node with a TLS-compliant cipher (CVE-2015-0118). 

The documents discuss various security vulnerabilities and issues related to WebSphere Message Broker and IBM Integration Bus, such as cross-site scripting (XSS) vulnerability, missing X-FRAME-OPTIONS, and instructions for capturing RFC tracing. However, none of the documents mention the specific issue described in the question.

Therefore, the answer is: The documents are missing some of the information required to answer the question."
71,customer_support,JS-CS-70b,meta-llama/llama-3.3-70b-instruct,meta-llama/llama-3.3-70b-instruct,0.23076923076923078,0.23076923076923078,1.0,1,0.08333333333333333,0.015151515151515152,0.18181818181818182,0,0,0,"To configure DC to look on a different App server for the SSP, you need to create your own SSP resolver and set the teamserver.defaultSSPResolver.class property to this class. According to document [0], ""Then create your own SSP resolver, add it to the teamserver.war and set the teamserver.defaultSSPResolver.class property to this class following this specification [http://publib.boulder.ibm.com/infocenter/brjrules/v7r1/index.jsp?topic=/com.ibm.websphere.ilog.jrules.doc/html/api/html/ilog/rules/teamserver/model/testing/IlrSSPResolver.html]"".

This is because, as stated in document [2], ""the SSP and the RES management console are expected to be deployed on the same server outside the cluster"", but in your case, you have them on separate servers. By creating a custom SSP resolver, you can override this default behavior and point the RES console to the correct location of the SSP.

Additionally, document [4] mentions that you can configure Rules Team Server to distribute the Decision Validation Service tests to multiple application servers, which is relevant to your setup.

Therefore, to resolve the issue, you should create a custom SSP resolver that points to the runtime server with the SSP ear, and configure the teamserver.defaultSSPResolver.class property accordingly. This should allow the RES console to find the SSP on the correct server."
72,customer_support,JS-CS-70b,meta-llama/llama-3.3-70b-instruct,meta-llama/llama-3.3-70b-instruct,0.0,0.0,0.0,0,0.0,0.0,1.0,0,0,0,"To answer this question, let's break down the information provided in the context documents and the question itself.

The error message ADMA8019E indicates that the resources assigned to the application are beyond the deployment target scope. The deployment target in this case is a cluster. According to the error message, resources are within the deployment target scope if they are defined at the cell, cluster, or application level when the deployment target is a cluster.

The question mentions that the application is being deployed at the cluster scope, but the namespace bindings are defined at the cell scope. Given this information, the namespace bindings being at the cell scope should not be the cause of the error since cell scope is within the allowed scopes for a cluster deployment target.

However, the error message specifically mentions that the resources assigned to the application are beyond the deployment target scope, which implies there might be resources assigned at a scope that is not cell, cluster, or application level. Since the question does not provide details about other resources and their scopes, we cannot directly pinpoint the cause based on the information given.

The documents provided do not directly address the ADMA8019E error or the specific scenario of deploying an application at the cluster scope with namespace bindings at the cell scope. They discuss issues related to the Data Services Scheduler, security domains, and the scope of security settin"
73,customer_support,JS-CS-70b,meta-llama/llama-3.3-70b-instruct,meta-llama/llama-3.3-70b-instruct,0.0,0.0,0.0,1,0.015594541910331383,0.0,0.0,0,0,0,"The documents provided do not mention the error AMQ9050 or the SYSTEM.PROTECTION.POLICY.QUEUE. They discuss changes to the MQ JMS client code, application connections to queue managers, and error codes such as MQRC 2035 and MQJE001, but they do not provide information about the specific error AMQ9050 or its relation to the SYSTEM.PROTECTION.POLICY.QUEUE.

Therefore, the answer to the question is: The documents are missing some of the information required to answer the question."
74,customer_support,JS-CS-70b,meta-llama/llama-3.3-70b-instruct,meta-llama/llama-3.3-70b-instruct,1.0,1.0,1.0,0,0.04639175257731959,0.0,0.0,0,0,0,"To fix XAER_RMFAIL messages in WebSphere Portal's SystemOut.log, we need to analyze the given context documents and the error messages provided in the question. 

The error message ""Error executing XAResource.commit(). Server returned XAER_RMFAIL. ERRORCODE=-4203, SQLSTATE=null"" indicates an issue with the commit operation in a distributed transaction, which is a complex process involving multiple resources. 

Looking at the context documents, document [0] mentions the same error ""XAER_RMFAIL"" with ""ERRORCODE=-4203, SQLSTATE=null"", which suggests a problem with the resource manager (in this case, likely a database) during the commit phase of a transaction. However, it does not provide a direct solution.

Document [1] refers to a different error ""DB2 SQL Error: SQLCODE=-204, SQLSTATE=42704"", which is related to an object (in this case, a table or view) not found. This does not directly relate to the XAER_RMFAIL issue but indicates database-related problems.

Documents [2] and [3] mention exceptions related to SQL operations but do not provide specific information on how to resolve the XAER_RMFAIL error.

Document [4] talks about a connection failure that has been re-established, which might be relevant in a broader context of database connectivity issues but does not directly address the XAER_RMFAIL problem.

Given the information in the context documents and the error messages, the direct cause and solution for the XAER_RMFAIL messages are not explicitly stated. The documents"
75,customer_support,JS-CS-70b,meta-llama/llama-3.3-70b-instruct,meta-llama/llama-3.3-70b-instruct,0.4166666666666667,0.25,0.6,0,0.20618556701030927,0.005154639175257732,0.025,0,0,0,"The documents do not provide a direct answer to the question about the payload getting truncated when using syslog-TCP log target. However, document [1] mentions that ""Log target connections have no timeout options for the TCP-based methods such as SOAP and Syslog-ng."" This suggests that there might be some limitations or considerations when using TCP-based log targets, but it does not specifically address the issue of payload truncation.

Document [3] mentions that ""a log event could be dropped if not able to be wrote out to the network within time"" when using Syslog-ng over TCP, but this is related to packet delivery under high load, not specifically about payload truncation.

Document [2] compares the syslog protocol (which operates over UDP) with Syslog-ng (which operates over TCP), but it does not provide information about payload truncation.

Since the documents do not provide enough information to answer the question about payload truncation when using syslog-TCP log target, the answer is: 

The documents are missing some of the information required to answer the question."
76,customer_support,JS-CS-70b,meta-llama/llama-3.3-70b-instruct,meta-llama/llama-3.3-70b-instruct,0.8571428571428571,0.42857142857142855,0.5,1,0.016,0.016,1.0,1,0,0,"To determine which Socket Gateway to use with Netcool Omnibus (NOI), we need to consider the version of Netcool Omnibus being used. 

According to document [1], ""If you are running Netcool/OMNIbus V7.4.0, you must use the legacy Socket Probe (nco-p-socket-10_0)."" This implies that for Netcool/OMNIbus V7.4.0, the nco-p-socket-10_0 gateway is the correct choice.

However, the documents do not provide information on which gateway to use for other versions of Netcool Omnibus, such as V8.1. Document [4] mentions that Netcool/OMNIbus V8.1 supports various operating systems, but it does not specify which Socket Gateway to use.

Therefore, based on the provided documents, we can only confirm that for Netcool/OMNIbus V7.4.0, the nco-p-socket-10_0 gateway should be used. For other versions, the documents are missing some of the information required to answer the question."
77,customer_support,JS-CS-70b,meta-llama/llama-3.3-70b-instruct,meta-llama/llama-3.3-70b-instruct,0.6363636363636364,0.8181818181818182,1.0,1,0.027777777777777776,0.08333333333333333,0.5,1,0,0,"To answer the question, I will look at the provided context documents. 

Document [0] states: ""Why does the Dataserver service change from healthy to Vulnerable after logging into appstack? CAUSE Memory allocated was not the supported number"". This document directly addresses the question and provides a cause for the issue.

Document [1] is a question that matches the one being asked, but it does not provide an answer on its own.

Documents [2] and [3] provide steps to login to the Dataserver, but they do not directly address the question of why the Dataserver service changes from healthy to vulnerable.

Document [4] discusses an issue with imported users not being able to authenticate, which is unrelated to the question about the Dataserver service changing status.

Based on the information provided in document [0], the reason the Dataserver service changes from healthy to vulnerable after logging into the application stack is that the ""Memory allocated was not the supported number"". 

Therefore, the answer to the question is that the Dataserver service changes from healthy to vulnerable after logging into the application stack because the memory allocated is not the supported number, as stated in document [0]."
78,customer_support,JS-CS-70b,meta-llama/llama-3.3-70b-instruct,meta-llama/llama-3.3-70b-instruct,0.2857142857142857,0.2857142857142857,1.0,1,0.0,0.0,1.0,0,0,0,"The documents provided do not mention an ""ODR OOM issue"" or upgrading to version ""v8553"". The closest related information is about the ODR returning 404 error codes, but this is discussed in the context of start-up issues and delays in receiving ODC data, as mentioned in document [0] and [4]. 

Document [0] states: ""Immediately after start-up, the on demand router (ODR) incorrectly returns 404 error codes for certain"", and document [4] mentions: ""The delay in receiving ODC data can result in ODR processes incorrectly returning 404 error codes for some requests immediately"". However, these do not directly address the ""ODR OOM issue"" after upgrading to a specific version.

Therefore, based on the information provided in the context documents, the answer to the question about solving the ""ODR OOM issue"" after upgrading to version ""v8553"" without any configuration or traffic load changes is: 

The documents are missing some of the information required to answer the question."
79,customer_support,JS-CS-70b,meta-llama/llama-3.3-70b-instruct,meta-llama/llama-3.3-70b-instruct,0.5,0.5,1.0,0,0.013793103448275862,0.0,0.0,0,0,0,"To answer the question, we need to find the equivalent of the TODAY() function in the context of the provided documents. 

According to document [0], ""The getdate() MSSQL function can be replaced by value from DB2 CURRENT DATE special register. On Oracle, sysdate is used to retrieve the current date."" This implies that the CURRENT DATE special register in DB2 or sysdate in Oracle can be used to get the current date.

Document [2] also confirms this by stating, ""The getdate() MSSQL function can be replaced by value from DB2 CURRENT DATE special register.""

Given that the user wants to get all data that has been registered today, they can use the equivalent of the getdate() function in their query. 

Since the user is using MxLoader 4.7.4 and the database is likely DB2 (based on the mention of CURRENT DATE special register), they can use the CURRENT DATE special register to get the current date.

Therefore, the user can try using the following query:
reportdate >= CURRENT DATE

This should give them all the data that has been registered today."
80,customer_support,JS-CS-70b,meta-llama/llama-3.3-70b-instruct,meta-llama/llama-3.3-70b-instruct,0.0,0.0,0.0,1,0.10810810810810811,0.08108108108108109,0.75,1,0,0,"The documents are missing some of the information required to answer the question. 

The question is asking for help with obtaining a license code for SPSS 20, but the provided documents do not contain any information about how to obtain a license code or what to do with a Lock code. The documents appear to be related to configuring and managing licenses for SPSS, but they do not provide any information about the process of obtaining a license code or resolving the issue of an expired temporary period."
81,customer_support,JS-CS-70b,meta-llama/llama-3.3-70b-instruct,meta-llama/llama-3.3-70b-instruct,0.9166666666666666,0.16666666666666666,0.18181818181818182,1,0.019417475728155338,0.009708737864077669,0.5,0,0,0,"To answer the question, we need to look at the information provided in the context documents. 

According to document [2], ""IBM BPM zOS V8.5.0.2 supports Java 7.1 (IBM WebSphere Application Server V8.5.5.5 as a prerequisite)"". This does not directly answer the question about Java 8 support for BPM. 

However, document [2] also states that ""If Java 8 is not supported on your current version, you must upgrade to IBM BPM V8.6"". This implies that Java 8 is supported for IBM BPM V8.6, but it does not provide information about Java 8 support for BPM 8.5.6.

Since the documents do not provide explicit information about Java 8 support for BPM 8.5.6, the answer to the question is: The documents are missing some of the information required to answer the question."
82,customer_support,JS-CS-70b,meta-llama/llama-3.3-70b-instruct,meta-llama/llama-3.3-70b-instruct,0.8,0.8,1.0,1,0.5304054054054054,0.0,0.0,0,0,0,"To answer the question, I need to find information about the Security Bulletin: Multiple vulnerabilities in IBM Java Runtime affecting API Connect, specifically regarding the CVEs mentioned (CVE-2016-5546, CVE-2016-5548, CVE-2016-5549, CVE-2016-5547, CVE-2016-2183, CVE-2017-3511).

The provided context documents mention vulnerabilities in IBM Java SDK and Runtime Environment, but they do not specifically mention API Connect. 

Document [0] mentions a Security Bulletin for WebSphere Application Server, which may be related to Java vulnerabilities, but it does not mention API Connect. 
Document [1] and [4] mention vulnerabilities in IBM Runtime Environment Java Technology Edition Version 6.0 and Version 7.0 used by Security Directory Integrator, but again, they do not mention API Connect.
Document [2] and [3] refer to the same Security Bulletin as Document [0], which is about WebSphere Application Server, not API Connect.

Since none of the provided context documents mention API Connect or the specific CVEs in relation to API Connect, I must conclude that the documents are missing some of the information required to answer the question.

The documents are missing some of the information required to answer the question."
83,customer_support,JS-CS-70b,meta-llama/llama-3.3-70b-instruct,meta-llama/llama-3.3-70b-instruct,0.6,0.4,0.6666666666666666,1,0.04736842105263158,0.02631578947368421,0.5555555555555556,1,0,0,"To answer the question, let's break it down step by step using the information provided in the context documents.

The user wants to hide a page in the dotedit step based on the page status. They have set the ignored page status to 20 in the web administrator for verify, but the page is still loading in the dotedit batch view.

According to document [1], it discusses deleting a document hierarchy node, such as a blank page. However, this does not directly address hiding a page based on its status.

Document [2] mentions using the DeleteChildType from the Validations library to remove pages or documents from a batch. However, this seems to be more about deleting rather than hiding, and it does not specify how to do this based on the page status.

Document [0] mentions issues with the Verify task using the Verifine panel, but it does not provide information on hiding pages based on their status.

Given the information in the documents, there is no clear method described for hiding a page in the dotedit step based on the page status. The documents provide information on deleting document hierarchy nodes or removing pages from a batch, but they do not specifically address the user's question about hiding a page based on its status.

Therefore, the answer to the question is: The documents are missing some of the information required to answer the question."
84,customer_support,JS-CS-70b,meta-llama/llama-3.3-70b-instruct,meta-llama/llama-3.3-70b-instruct,0.8888888888888888,0.8888888888888888,1.0,0,0.1511627906976744,0.05813953488372093,0.38461538461538464,1,0,0,"To resolve the issue of receiving AC power supply failures on your DataPower 9235 appliance, we need to consider the information provided in the context documents. 

First, the documents mention that the IBM WebSphere DataPower M/T 9235 appliance might incorrectly report the failure of both power supplies (Document [0] and [1]). This indicates that the reported failure might not necessarily mean the power supplies are faulty.

The specific error messages you are observing, ""[failure] Power supply '1' has no AC input power, or is not present. [failure] Power supply '2' has no AC input power, or is not present,"" are mentioned in Document [3] as part of the problem description where the appliance incorrectly reports power supply failures.

Document [4] also mentions similar output from the test hardware command, confirming the problem but does not explicitly state the solution.

Given this information, the documents suggest that the issue might be a reporting error rather than an actual power supply failure. However, they do not provide a clear step-by-step solution or confirm whether the power supplies need to be replaced.

Therefore, based on the information provided in the documents, it's reasonable to infer that before replacing the power supplies, you should investigate if the issue is due to the appliance incorrectly reporting the failure, as suggested by the documents. But, the documents are missing some of the information required to answer the question about the specifi"
85,customer_support,JS-CS-70b,meta-llama/llama-3.3-70b-instruct,meta-llama/llama-3.3-70b-instruct,0.25,0.25,1.0,0,0.0,0.0,1.0,0,0,0,"The documents provided do not mention the DSRA7019W message or the specific issue of using the Oracle 10g driver in WAS 8.5.5.x. 

However, document [0] suggests using the Oracle 10g driver file as one of the solutions to solve a problem, but it does not specify what problem it solves. Document [1] talks about the limitations of the Oracle 9i Thin Driver, which is not relevant to the issue at hand. Documents [2] and [3] provide some information about the Oracle 10g driver, but they do not mention the DSRA7019W message or the specific issue of using the Oracle 10g driver in WAS 8.5.5.x. Document [4] provides steps to create a copy of the Oracle JDBC driver, but it does not address the issue of the DSRA7019W message.

Therefore, based on the information provided in the documents, the answer to the question is: The documents are missing some of the information required to answer the question."
86,customer_support,JS-CS-70b,meta-llama/llama-3.3-70b-instruct,meta-llama/llama-3.3-70b-instruct,1.0,1.0,1.0,1,0.42424242424242425,0.2727272727272727,0.6428571428571429,1,0,0,"To find the information regarding the action required for IBM Integration Bus Hypervisor Edition V9.0 and WebSphere Message Broker Hypervisor Edition V8.0 for security vulnerabilities in Red Hat Linux, you should refer to the provided context documents. 

According to the documents, specifically [0], these editions ship with versions of Red Hat Enterprise Linux (RHEL) Server that are vulnerable to several CVEs (Common Vulnerabilities and Exposures), including but not limited to CVE-2015-5180, CVE-2014-9984, and others listed in the document.

However, the documents provided do not specify the exact actions required to mitigate these vulnerabilities. They only mention that the products ""require customer action for security vulnerabilities in Red Hat Linux,"" indicating that some form of action is necessary but do not detail what that action is.

Therefore, based on the information given in the context documents, the details regarding the specific actions required for IBM Integration Bus Hypervisor Edition V9.0 and WebSphere Message Broker Hypervisor Edition V8.0 for security vulnerabilities in Red Hat Linux are not fully provided. 

The documents are missing some of the information required to answer the question. You may need to consult additional resources or contact IBM support for detailed instructions on how to address these security vulnerabilities."
87,customer_support,JS-CS-70b,meta-llama/llama-3.3-70b-instruct,meta-llama/llama-3.3-70b-instruct,0.75,0.5,0.6666666666666666,0,0.2724795640326976,0.035422343324250684,0.11,1,0,0,"To address the ""Too many open files"" messages, we can refer to the provided context documents. Document [0] suggests that if you face the 'too many open files' error, there are a few things you can try to identify the source of the problem, but it does not specify what those things are. 

Document [1] and [3] mention that applications or servers can fail with an error indicating that there are too many open files for the current process, but they do not provide specific solutions for the DASH systemOut log on an AIX box.

However, Document [4] provides a clue on how to find the list of open files for a running process on AIX, which could be a step towards diagnosing the issue. It mentions using specific commands on AIX to find the list of open files with their names for a running process.

Given the information in the documents, to diagnose and potentially solve the ""Too many open files"" messages in the DASH systemOut log on an AIX box, one could start by using the commands provided in Document [4] to identify which files are open. This could help in understanding which process or application is causing the issue, allowing for a more targeted approach to resolving the problem. However, the documents do not provide a direct solution or a list of steps to resolve the ""Too many open files"" error specifically for the DASH systemOut log on an AIX box.

Therefore, while we can infer some diagnostic steps from Document [4], the documents are missing some of the information required "
88,customer_support,JS-CS-70b,meta-llama/llama-3.3-70b-instruct,meta-llama/llama-3.3-70b-instruct,0.8333333333333334,0.8333333333333334,1.0,1,0.3315508021390374,0.0855614973262032,0.22580645161290322,1,0,0,"The documents provided do not mention the specific issue of ""ghost queue building up"" or provide any steps to resolve it. They only mention ""ghost link"" issues related to catalog files, as stated in documents [0], [1], [2], [3], and [4]. For example, document [2] mentions ""GHOST LINK ARE DISPLAYED WITH EXISITING CATALOG FILES"", but it does not provide any information on how to address the issue of ghost queues taking up file system space.

Therefore, based on the information provided in the documents, I must conclude that the documents are missing some of the information required to answer the question."
89,customer_support,JS-CS-70b,meta-llama/llama-3.3-70b-instruct,meta-llama/llama-3.3-70b-instruct,0.7142857142857143,0.7142857142857143,1.0,1,0.10970464135021098,0.0,0.0,0,0,0,"To answer the question, I will examine the provided context documents. 

The question is asking about a specific Security Bulletin related to ""Multiple vulnerabilities in IBM Java Runtime affect IIB and WMB (CVE-2015-0138)"" and the ""FREAK: Factoring Attack on RSA-EXPORT keys"" TLS/SSL client and server vulnerability.

In document [0], it mentions ""Security Bulletin: Vulnerability with RSA Export Keys may affect IBM WebSphere Application Server (CVE-2015-0138)"" which seems related to the ""FREAK"" vulnerability mentioned in the question. However, this document does not specifically mention IBM Integration Bus (IIB) and WebSphere Message Broker (WMB).

In document [3] and [4], it talks about vulnerabilities in IBM SDK Java Technology Edition used by WebSphere Application Server underneath IBM Business Process Manager and WebSphere Lombardi Edition, and also mentions the ""FREAK: Factoring Attack on RSA-EXPORT keys"" TLS/SSL client and server vulnerability. But again, it does not specifically mention IIB and WMB.

The question specifically asks about IBM Integration Bus and WebSphere Message Broker, which are not mentioned in the provided context documents in relation to the specified CVE and vulnerability. 

Therefore, based on the information provided in the context documents, I must conclude that the documents are missing some of the information required to answer the question."
90,customer_support,JS-CS-70b,meta-llama/llama-3.3-70b-instruct,meta-llama/llama-3.3-70b-instruct,0.6666666666666666,0.5,0.75,0,0.03430079155672823,0.021108179419525065,0.6153846153846154,1,0,0,"To answer the question, let's analyze the provided context documents and the information given in the question.

The error message ""CWSXM0100E: Multiple replies have been produced for a single request flow in module"" is mentioned in documents [0] and [1]. According to document [0], this error can be observed in the SystemOut.log file and indicates that ""More than one invocation can occur from a single request."" Document [1] further explains that when a single request is sent to a Mediation Flow Component, services can be invoked more than once, which aligns with the error message's implication.

The question describes a scenario where a simple mediation module with a single request flow and a service invoke calling an external service through web service binding is being tested. The observation is that the service invoke is being called twice, and the error ""CWSXM0100E: Multiple replies have been produced for a single request flow in module"" is encountered.

Given this information, the reason for seeing the ""CWSXM0100E"" error is that the mediation flow is producing multiple replies for a single request, as indicated by the error message itself and explained in the context documents. The specific cause of why the service invoke is being called twice in the described scenario is not explicitly stated in the documents, but the error suggests that the issue is related to the mediation flow's behavior of allowing more than one invocation from a single request, as mentioned in docu"
91,customer_support,JS-CS-70b,meta-llama/llama-3.3-70b-instruct,meta-llama/llama-3.3-70b-instruct,0.5,0.5,1.0,1,0.037267080745341616,0.037267080745341616,1.0,1,0,0,"To modify the JP sheet to include the JOBTASK Long description in the query, we need to understand how the long description is stored and retrieved. According to document [0], the long description is stored in the LONGDESCRIPTION table and can be retrieved using the LDKEY, which is linked to the JOBTASKID in the JOBTASK table. The correct query to get the long description for a specific job task is provided in document [0]: 

""SELECT LDTEXT FROM LONGDESCRIPTION WHERE LDOWNERTABLE='JOBTASK' AND LDOWNERCOL='DESCRIPTION' AND LDKEY IN (SELECT JOBTASK.JOBTASKID FROM JOBTASK WHERE jobtask.jobplanid= 51)""

This suggests that the long description for a job task is not directly accessible through the JOBTASK table but rather through the LONGDESCRIPTION table using the JOBTASKID as the LDKEY.

Document [1] and [3] reinforce the idea that to get the long description, one should not use an outer join between jobtask and longdescription but instead follow a similar approach as shown in document [0].

Given this information, the attempt to use ""JOBTASK.DESCRIPTION.DESCRIPTION_LONGDESCRITION"" or other similar combinations is not aligned with the structure described in the documents. The correct approach involves querying the LONGDESCRIPTION table with the appropriate LDKEY, which is obtained from the JOBTASK table based on the jobplanid.

Therefore, to include the JOBTASK Long description in the query, you should follow the structure provided in document [0], adjusting the jobplanid as nece"
92,customer_support,JS-CS-70b,meta-llama/llama-3.3-70b-instruct,meta-llama/llama-3.3-70b-instruct,1.0,1.0,1.0,1,0.0,0.0,1.0,0,0,0,"The documents provided do not mention the specific CVE IDs you've listed (CVE-2018-1000001, CVE-2017-16997, CVE-2017-1000408, CVE-2017-1000409, CVE-2017-17426). 

The documents mention other CVE IDs, such as CVE-2016-2126, CVE-2016-2125, CVE-2016-2123, CVE-2016-8866, CVE-2016-9556, CVE-2016-9559, CVE-2016-9773, CVE-2016-2842, CVE-2016-2118, CVE-2015-5370, CVE-2016-2110, CVE-2016-2111, CVE-2016-2112, CVE-2016-2113, CVE-2016-2114, CVE-2016-2115, CVE-2016-3075, CVE-2016-5118, CVE-2015-8900, CVE-2015-8901, CVE-2015-8902, CVE-2015-8903, CVE-2016-4562, CVE-2016-4563, and CVE-2016-4564, which are related to security vulnerabilities in Red Hat Linux for IBM Integration Bus Hypervisor Edition V9.0 and WebSphere Message Broker Hypervisor Edition V8.0.

However, since the specific CVE IDs you are asking about are not mentioned in the documents, I must conclude that the documents are missing some of the information required to answer your question."
93,customer_support,JS-CS-70b,meta-llama/llama-3.3-70b-instruct,meta-llama/llama-3.3-70b-instruct,1.0,0.875,0.875,0,0.0,0.0,1.0,0,0,0,"To answer the question about the BPM AppTarget startup hanging during startup, let's analyze the given information step by step.

1. **Understanding the Problem**: The application server JVM hangs during the startup of the AppTarget. This indicates a potential issue with the startup process that causes the JVM to become unresponsive.

2. **Identifying Key Messages**: The provided log messages include several warnings (WSVR0605W) indicating that a thread may be hung. Specifically, the thread ""server.startup : 0"" has been active for an extended period (654582 milliseconds), suggesting it may be hung.

3. **Analyzing the Log Messages**: The log messages also show repeated warnings (CWLND0004W) from `com.lombardisoftware.server.core.GroupCore` about waiting for the group replication lock to be released. This wait time increases over time (10 minutes, 20 minutes, 30 minutes, 40 minutes), indicating a potential deadlock or a significant delay in the group replication process.

4. **Relating to Context Documents**: Document [0] mentions that an application server JVM can hang if a thread logging an FFDC hangs. While the provided log does not explicitly mention an FFDC (First Failure Data Capture) hang, it does indicate a potential hang due to a thread being active for an extended period.

5. **Conclusion**: The JVM hang during AppTarget startup appears to be related to a thread waiting for the group replication lock to be released, which is taking an excessively long time. This situ"
94,customer_support,JS-CS-70b,meta-llama/llama-3.3-70b-instruct,meta-llama/llama-3.3-70b-instruct,0.0,0.0,0.0,1,0.0,0.0,1.0,0,0,0,"The documents are missing some of the information required to answer the question.

The provided context documents discuss troubleshooting and resolving problems with IBM Integration Bus (IIB) and WebSphere Message Broker (WMB), such as the BIP2066E error message, and using the `mqsireportproperties` command. However, they do not mention anything about performing a silent install of fix packs for IIB or WMB Toolkit. Therefore, I do not have enough information to answer the question."
95,customer_support,JS-CS-70b,meta-llama/llama-3.3-70b-instruct,meta-llama/llama-3.3-70b-instruct,0.875,0.75,0.8571428571428571,1,0.024390243902439025,0.024390243902439025,1.0,0,0,0,"To answer the question, let's analyze the information provided in the context documents. 

The question is about users being unable to login to Web GUI 8.1 after modifying the timeout to 2147483647 in the security.xml file. 

Document [2] and [3] mention that setting the timeout parameter in the security.xml file to 2147483647 causes users to be locked out completely from DASH sessions. Document [0] and [1] also mention that setting the LTPA timeout value to 2147483647 in security.xml may cause FireFox and IE to prompt for authentication again after login, which implies a problem with the login process.

Although the documents do not explicitly mention Web GUI 8.1, they all discuss issues related to setting a timeout value of 2147483647 in a security.xml file, which leads to problems with user login or sessions. 

Given this information, it can be inferred that the issue of users being unable to login after modifying the timeout to 2147483647 in the security.xml file is likely due to the same problem described in the documents: the large timeout value is causing the users to be locked out.

Therefore, based on the information provided in the context documents, the reason users are unable to login to Web GUI 8.1 after modifying the timeout to 2147483647 in the security.xml file is that this large timeout value is causing the users to be locked out, as described in the documents."
96,customer_support,JS-CS-70b,meta-llama/llama-3.3-70b-instruct,meta-llama/llama-3.3-70b-instruct,0.0,0.5714285714285714,0.0,1,0.0,0.0,1.0,0,0,0,"The documents are missing some of the information required to answer the question.

The provided context documents discuss issues related to ITNM (IBM Tivoli Network Manager) and DB2 databases, such as the DB2 libraries not being included in the ld.so.conf file, poller failures, and error messages in the ncp_poller.DOMAIN.trace file. However, they do not mention Apache Storm or the creation of specific files in the /tmp directory.

The documents do mention restarting ITNM processes and stopping ITNM processes as part of resolving a problem, but they do not provide information about when or why Apache Storm would create DB2 files in /tmp or generate the specific files listed in the question.

Therefore, based on the provided context documents, it is not possible to determine when and why the Apache Storm process of ITNM would create DB2 files in /tmp or generate the listed files."
97,customer_support,JS-CS-70b,meta-llama/llama-3.3-70b-instruct,meta-llama/llama-3.3-70b-instruct,1.0,0.125,0.125,0,0.05909090909090909,0.0,0.0,0,0,0,"To answer the question, let's analyze the information provided in the context documents.

The question mentions that some DataTypes are corrupt after Impact cluster failover/failback, specifically running Impact 7.1.0.11, and the symptom is that a couple of DataTypes turn out empty. The difference happens in the property `*.SQL.USERPARAMETERS`, which no longer exists for the corrupted DataTypes.

Document [0] mentions that ""The APAR is not an issue in Impact 6 and 7"", which suggests that the specific APAR issue (IZ81446) related to replicating DataTypes with `USERPARAMETERS` values in excess of 16,000 characters should not affect Impact 7.1.0.11. However, it also states that ""one would still have to include this property with an appropriate value to handle a large character length for the `USERPARAMETERS` parameter.""

Given that the issue is with `USERPARAMETERS` and the version of Impact is 7.1.0.11, which is supposed to be unaffected by the APAR issue, we need to consider if the problem might still be related to the handling of `USERPARAMETERS` or if it's a different issue altogether.

The documents do not provide a direct explanation for why DataTypes would become corrupt specifically in the version of Impact mentioned (7.1.0.11) during failover/failback, especially considering that the APAR issue is stated not to affect Impact 6 and 7. However, the mention of `USERPARAMETERS` and its potential impact on DataType replication across the cluster suggests that the issue could"
98,customer_support,JS-CS-70b,meta-llama/llama-3.3-70b-instruct,meta-llama/llama-3.3-70b-instruct,1.0,0.8333333333333334,0.8333333333333334,1,0.024630541871921183,0.029556650246305417,1.0,1,0,0,"To answer the question of why the user cannot launch RFT 8.2, let's analyze the provided context documents and the error message in the question.

The error message in the question indicates a `ClassNotFoundException` for `org.eclipse.core.runtime.adaptor.EclipseStarter`. This suggests an issue with the Eclipse platform's ability to find and load necessary classes.

The context documents mention an issue related to the Eclipse launcher and the inability to resolve a required bundle (`com.ibm.mq.osgi.allclient`), which is associated with Eclipse defect 255268. However, the specific error in the question does not directly mention this bundle or the defect.

Given the information in the context documents and the error message provided, there is no direct link established between the error message (`ClassNotFoundException` for `org.eclipse.core.runtime.adaptor.EclipseStarter`) and the issues described in the context documents (inability to resolve `com.ibm.mq.osgi.allclient` bundle and Eclipse defect 255268).

Therefore, based on the provided information, the documents do not offer a clear explanation for the `ClassNotFoundException` encountered when trying to launch RFT 8.2. 

The documents are missing some of the information required to answer the question."
99,customer_support,JS-CS-70b,meta-llama/llama-3.3-70b-instruct,meta-llama/llama-3.3-70b-instruct,0.9166666666666666,0.3333333333333333,0.36363636363636365,1,0.06395348837209303,0.005813953488372093,0.09090909090909091,1,0,0,"Based on the provided context documents, the issue is that the WSDL Cache Policy does not apply when the WSDL is hosted on the DataPower appliance, such as in local:/// (document [1]). This means that changes made to the local WSDL file are not picked up by the WS Proxy, even if there is a WSDL Cache policy setting the URL Match expression to the local WSDL file (document [3]).

The documents state that ""the device will not poll WSDL files on the local store"" (document [3]), which implies that the DataPower device is working as designed and will not automatically refresh the WSDL cache when the local WSDL file changes.

Unfortunately, the documents do not provide a clear solution to refresh the Web Service Proxy when the WSDL changes. They only describe the issue and the current behavior of the DataPower device.

Therefore, the answer to the question is: The documents are missing some of the information required to answer the question. They do not provide a solution or best practice to refresh the Web Service Proxy when the WSDL changes, other than stating that the WSDL Cache Policy does not apply in this case."
